[     235ms] [LOG] [Fast Refresh] rebuilding @ http://localhost:3000/_next/static/chunks/node_modules_next_dist_1e8vcs8._.js:776
[     697ms] [LOG] [Fast Refresh] done in 563ms @ http://localhost:3000/_next/static/chunks/node_modules_next_dist_1e8vcs8._.js:776
[     817ms] [INFO] %cDownload the React DevTools for a better development experience: https://react.dev/link/react-devtools font-weight:bold @ http://localhost:3000/_next/static/chunks/node_modules_next_dist_1e8vcs8._.js:776
[     854ms] [LOG] [HMR] connected @ http://localhost:3000/_next/static/chunks/node_modules_next_dist_1e8vcs8._.js:776
[    1819ms] [LOG] [Fast Refresh] rebuilding @ http://localhost:3000/_next/static/chunks/node_modules_next_dist_1e8vcs8._.js:776
[    1951ms] [LOG] [Fast Refresh] done in 241ms @ http://localhost:3000/_next/static/chunks/node_modules_next_dist_1e8vcs8._.js:776
[    9533ms] [ERROR] Failed to load resource: the server responded with a status of 500 (Internal Server Error) @ http://localhost:3000/api/dashboard/stats?month=2026-09:0
[   11156ms] [ERROR] Failed to load resource: the server responded with a status of 500 (Internal Server Error) @ http://localhost:3000/api/dashboard/stats?month=2026-09:0
[   52377ms] [LOG] [Fast Refresh] rebuilding @ http://localhost:3000/_next/static/chunks/node_modules_next_dist_1e8vcs8._.js:776
[   52480ms] [LOG] [Fast Refresh] done in 41ms @ http://localhost:3000/_next/static/chunks/node_modules_next_dist_1e8vcs8._.js:776
[   52623ms] [LOG] [Fast Refresh] done in 41ms @ http://localhost:3000/_next/static/chunks/node_modules_next_dist_1e8vcs8._.js:776
[   52701ms] [LOG] [Fast Refresh] done in 41ms @ http://localhost:3000/_next/static/chunks/node_modules_next_dist_1e8vcs8._.js:776
[   52754ms] [LOG] [Fast Refresh] done in 41ms @ http://localhost:3000/_next/static/chunks/node_modules_next_dist_1e8vcs8._.js:776
[   52811ms] [LOG] [Fast Refresh] done in 41ms @ http://localhost:3000/_next/static/chunks/node_modules_next_dist_1e8vcs8._.js:776
[   52880ms] [LOG] [Fast Refresh] done in 41ms @ http://localhost:3000/_next/static/chunks/node_modules_next_dist_1e8vcs8._.js:776
[   52941ms] [LOG] [Fast Refresh] done in 41ms @ http://localhost:3000/_next/static/chunks/node_modules_next_dist_1e8vcs8._.js:776
[   52994ms] [LOG] [Fast Refresh] done in 41ms @ http://localhost:3000/_next/static/chunks/node_modules_next_dist_1e8vcs8._.js:776
[   53060ms] [LOG] [Fast Refresh] done in 41ms @ http://localhost:3000/_next/static/chunks/node_modules_next_dist_1e8vcs8._.js:776
[   53115ms] [LOG] [Fast Refresh] done in 41ms @ http://localhost:3000/_next/static/chunks/node_modules_next_dist_1e8vcs8._.js:776
[   53175ms] [LOG] [Fast Refresh] done in 41ms @ http://localhost:3000/_next/static/chunks/node_modules_next_dist_1e8vcs8._.js:776
[   53228ms] [LOG] [Fast Refresh] done in 41ms @ http://localhost:3000/_next/static/chunks/node_modules_next_dist_1e8vcs8._.js:776
[   53291ms] [LOG] [Fast Refresh] done in 41ms @ http://localhost:3000/_next/static/chunks/node_modules_next_dist_1e8vcs8._.js:776
[   53348ms] [LOG] [Fast Refresh] done in 41ms @ http://localhost:3000/_next/static/chunks/node_modules_next_dist_1e8vcs8._.js:776
[   53398ms] [LOG] [Fast Refresh] done in 41ms @ http://localhost:3000/_next/static/chunks/node_modules_next_dist_1e8vcs8._.js:776
[   53461ms] [LOG] [Fast Refresh] done in 41ms @ http://localhost:3000/_next/static/chunks/node_modules_next_dist_1e8vcs8._.js:776
[   53525ms] [LOG] [Fast Refresh] done in 41ms @ http://localhost:3000/_next/static/chunks/node_modules_next_dist_1e8vcs8._.js:776
[   53589ms] [LOG] [Fast Refresh] done in 41ms @ http://localhost:3000/_next/static/chunks/node_modules_next_dist_1e8vcs8._.js:776
[   53646ms] [LOG] [Fast Refresh] done in 41ms @ http://localhost:3000/_next/static/chunks/node_modules_next_dist_1e8vcs8._.js:776
[   53708ms] [LOG] [Fast Refresh] done in 41ms @ http://localhost:3000/_next/static/chunks/node_modules_next_dist_1e8vcs8._.js:776
[   53772ms] [LOG] [Fast Refresh] done in 41ms @ http://localhost:3000/_next/static/chunks/node_modules_next_dist_1e8vcs8._.js:776
[   53829ms] [LOG] [Fast Refresh] done in 41ms @ http://localhost:3000/_next/static/chunks/node_modules_next_dist_1e8vcs8._.js:776
[   53879ms] [LOG] [Fast Refresh] done in 41ms @ http://localhost:3000/_next/static/chunks/node_modules_next_dist_1e8vcs8._.js:776
[   53944ms] [LOG] [Fast Refresh] done in 41ms @ http://localhost:3000/_next/static/chunks/node_modules_next_dist_1e8vcs8._.js:776
[   54009ms] [LOG] [Fast Refresh] done in 41ms @ http://localhost:3000/_next/static/chunks/node_modules_next_dist_1e8vcs8._.js:776
[   54065ms] [LOG] [Fast Refresh] done in 41ms @ http://localhost:3000/_next/static/chunks/node_modules_next_dist_1e8vcs8._.js:776
[   54128ms] [LOG] [Fast Refresh] done in 41ms @ http://localhost:3000/_next/static/chunks/node_modules_next_dist_1e8vcs8._.js:776
[   54192ms] [LOG] [Fast Refresh] done in 41ms @ http://localhost:3000/_next/static/chunks/node_modules_next_dist_1e8vcs8._.js:776
[   54248ms] [LOG] [Fast Refresh] done in 41ms @ http://localhost:3000/_next/static/chunks/node_modules_next_dist_1e8vcs8._.js:776
[   54312ms] [LOG] [Fast Refresh] done in 41ms @ http://localhost:3000/_next/static/chunks/node_modules_next_dist_1e8vcs8._.js:776
[   54374ms] [LOG] [Fast Refresh] done in 41ms @ http://localhost:3000/_next/static/chunks/node_modules_next_dist_1e8vcs8._.js:776
[   54439ms] [LOG] [Fast Refresh] done in 41ms @ http://localhost:3000/_next/static/chunks/node_modules_next_dist_1e8vcs8._.js:776
[   54495ms] [LOG] [Fast Refresh] done in 41ms @ http://localhost:3000/_next/static/chunks/node_modules_next_dist_1e8vcs8._.js:776
[   54551ms] [LOG] [Fast Refresh] done in 41ms @ http://localhost:3000/_next/static/chunks/node_modules_next_dist_1e8vcs8._.js:776
[   54610ms] [LOG] [Fast Refresh] done in 41ms @ http://localhost:3000/_next/static/chunks/node_modules_next_dist_1e8vcs8._.js:776
[   54677ms] [LOG] [Fast Refresh] done in 41ms @ http://localhost:3000/_next/static/chunks/node_modules_next_dist_1e8vcs8._.js:776
[   54729ms] [LOG] [Fast Refresh] done in 41ms @ http://localhost:3000/_next/static/chunks/node_modules_next_dist_1e8vcs8._.js:776
[   54780ms] [LOG] [Fast Refresh] done in 41ms @ http://localhost:3000/_next/static/chunks/node_modules_next_dist_1e8vcs8._.js:776
[   54829ms] [LOG] [Fast Refresh] done in 41ms @ http://localhost:3000/_next/static/chunks/node_modules_next_dist_1e8vcs8._.js:776
[   54887ms] [LOG] [Fast Refresh] done in 41ms @ http://localhost:3000/_next/static/chunks/node_modules_next_dist_1e8vcs8._.js:776
[   54945ms] [LOG] [Fast Refresh] done in 41ms @ http://localhost:3000/_next/static/chunks/node_modules_next_dist_1e8vcs8._.js:776
[   55007ms] [LOG] [Fast Refresh] done in 41ms @ http://localhost:3000/_next/static/chunks/node_modules_next_dist_1e8vcs8._.js:776
[   55063ms] [LOG] [Fast Refresh] done in 41ms @ http://localhost:3000/_next/static/chunks/node_modules_next_dist_1e8vcs8._.js:776
[   55127ms] [LOG] [Fast Refresh] done in 41ms @ http://localhost:3000/_next/static/chunks/node_modules_next_dist_1e8vcs8._.js:776
[   55191ms] [LOG] [Fast Refresh] done in 41ms @ http://localhost:3000/_next/static/chunks/node_modules_next_dist_1e8vcs8._.js:776
[   55255ms] [LOG] [Fast Refresh] done in 41ms @ http://localhost:3000/_next/static/chunks/node_modules_next_dist_1e8vcs8._.js:776
[   55311ms] [LOG] [Fast Refresh] done in 41ms @ http://localhost:3000/_next/static/chunks/node_modules_next_dist_1e8vcs8._.js:776
[   55374ms] [LOG] [Fast Refresh] done in 41ms @ http://localhost:3000/_next/static/chunks/node_modules_next_dist_1e8vcs8._.js:776
[   55430ms] [LOG] [Fast Refresh] done in 41ms @ http://localhost:3000/_next/static/chunks/node_modules_next_dist_1e8vcs8._.js:776
[   55494ms] [LOG] [Fast Refresh] done in 41ms @ http://localhost:3000/_next/static/chunks/node_modules_next_dist_1e8vcs8._.js:776
[   55557ms] [LOG] [Fast Refresh] done in 41ms @ http://localhost:3000/_next/static/chunks/node_modules_next_dist_1e8vcs8._.js:776
[   55614ms] [LOG] [Fast Refresh] done in 41ms @ http://localhost:3000/_next/static/chunks/node_modules_next_dist_1e8vcs8._.js:776
[   55678ms] [LOG] [Fast Refresh] done in 41ms @ http://localhost:3000/_next/static/chunks/node_modules_next_dist_1e8vcs8._.js:776
[   55741ms] [LOG] [Fast Refresh] done in 41ms @ http://localhost:3000/_next/static/chunks/node_modules_next_dist_1e8vcs8._.js:776
[   55805ms] [LOG] [Fast Refresh] done in 41ms @ http://localhost:3000/_next/static/chunks/node_modules_next_dist_1e8vcs8._.js:776
[   55862ms] [LOG] [Fast Refresh] done in 41ms @ http://localhost:3000/_next/static/chunks/node_modules_next_dist_1e8vcs8._.js:776
[   55925ms] [LOG] [Fast Refresh] done in 41ms @ http://localhost:3000/_next/static/chunks/node_modules_next_dist_1e8vcs8._.js:776
[   55989ms] [LOG] [Fast Refresh] done in 41ms @ http://localhost:3000/_next/static/chunks/node_modules_next_dist_1e8vcs8._.js:776
[   56045ms] [LOG] [Fast Refresh] done in 41ms @ http://localhost:3000/_next/static/chunks/node_modules_next_dist_1e8vcs8._.js:776
[   56108ms] [LOG] [Fast Refresh] done in 41ms @ http://localhost:3000/_next/static/chunks/node_modules_next_dist_1e8vcs8._.js:776
[   56173ms] [LOG] [Fast Refresh] done in 41ms @ http://localhost:3000/_next/static/chunks/node_modules_next_dist_1e8vcs8._.js:776
[   56230ms] [LOG] [Fast Refresh] done in 41ms @ http://localhost:3000/_next/static/chunks/node_modules_next_dist_1e8vcs8._.js:776
[   56293ms] [LOG] [Fast Refresh] done in 41ms @ http://localhost:3000/_next/static/chunks/node_modules_next_dist_1e8vcs8._.js:776
[   56356ms] [LOG] [Fast Refresh] done in 41ms @ http://localhost:3000/_next/static/chunks/node_modules_next_dist_1e8vcs8._.js:776
[   56414ms] [LOG] [Fast Refresh] done in 41ms @ http://localhost:3000/_next/static/chunks/node_modules_next_dist_1e8vcs8._.js:776
[   56475ms] [LOG] [Fast Refresh] done in 41ms @ http://localhost:3000/_next/static/chunks/node_modules_next_dist_1e8vcs8._.js:776
[   56538ms] [LOG] [Fast Refresh] done in 41ms @ http://localhost:3000/_next/static/chunks/node_modules_next_dist_1e8vcs8._.js:776
[   56594ms] [LOG] [Fast Refresh] done in 41ms @ http://localhost:3000/_next/static/chunks/node_modules_next_dist_1e8vcs8._.js:776
[   56658ms] [LOG] [Fast Refresh] done in 41ms @ http://localhost:3000/_next/static/chunks/node_modules_next_dist_1e8vcs8._.js:776
[   56721ms] [LOG] [Fast Refresh] done in 41ms @ http://localhost:3000/_next/static/chunks/node_modules_next_dist_1e8vcs8._.js:776
[   56778ms] [LOG] [Fast Refresh] done in 41ms @ http://localhost:3000/_next/static/chunks/node_modules_next_dist_1e8vcs8._.js:776
[   56841ms] [LOG] [Fast Refresh] done in 41ms @ http://localhost:3000/_next/static/chunks/node_modules_next_dist_1e8vcs8._.js:776
[   56896ms] [LOG] [Fast Refresh] done in 41ms @ http://localhost:3000/_next/static/chunks/node_modules_next_dist_1e8vcs8._.js:776
[   56962ms] [LOG] [Fast Refresh] done in 41ms @ http://localhost:3000/_next/static/chunks/node_modules_next_dist_1e8vcs8._.js:776
[   57025ms] [LOG] [Fast Refresh] done in 41ms @ http://localhost:3000/_next/static/chunks/node_modules_next_dist_1e8vcs8._.js:776
[   57088ms] [LOG] [Fast Refresh] done in 41ms @ http://localhost:3000/_next/static/chunks/node_modules_next_dist_1e8vcs8._.js:776
[   57146ms] [LOG] [Fast Refresh] done in 41ms @ http://localhost:3000/_next/static/chunks/node_modules_next_dist_1e8vcs8._.js:776
[   57210ms] [LOG] [Fast Refresh] done in 41ms @ http://localhost:3000/_next/static/chunks/node_modules_next_dist_1e8vcs8._.js:776
[   57274ms] [LOG] [Fast Refresh] done in 41ms @ http://localhost:3000/_next/static/chunks/node_modules_next_dist_1e8vcs8._.js:776
[   57329ms] [LOG] [Fast Refresh] done in 41ms @ http://localhost:3000/_next/static/chunks/node_modules_next_dist_1e8vcs8._.js:776
[   57391ms] [LOG] [Fast Refresh] done in 41ms @ http://localhost:3000/_next/static/chunks/node_modules_next_dist_1e8vcs8._.js:776
[   57445ms] [LOG] [Fast Refresh] done in 41ms @ http://localhost:3000/_next/static/chunks/node_modules_next_dist_1e8vcs8._.js:776
[   57508ms] [LOG] [Fast Refresh] done in 41ms @ http://localhost:3000/_next/static/chunks/node_modules_next_dist_1e8vcs8._.js:776
[   57572ms] [LOG] [Fast Refresh] done in 41ms @ http://localhost:3000/_next/static/chunks/node_modules_next_dist_1e8vcs8._.js:776
[   57629ms] [LOG] [Fast Refresh] done in 41ms @ http://localhost:3000/_next/static/chunks/node_modules_next_dist_1e8vcs8._.js:776
[   57692ms] [LOG] [Fast Refresh] done in 41ms @ http://localhost:3000/_next/static/chunks/node_modules_next_dist_1e8vcs8._.js:776
[   57755ms] [LOG] [Fast Refresh] done in 41ms @ http://localhost:3000/_next/static/chunks/node_modules_next_dist_1e8vcs8._.js:776
[   57812ms] [LOG] [Fast Refresh] done in 41ms @ http://localhost:3000/_next/static/chunks/node_modules_next_dist_1e8vcs8._.js:776
[   57875ms] [LOG] [Fast Refresh] done in 41ms @ http://localhost:3000/_next/static/chunks/node_modules_next_dist_1e8vcs8._.js:776
[   57928ms] [LOG] [Fast Refresh] done in 41ms @ http://localhost:3000/_next/static/chunks/node_modules_next_dist_1e8vcs8._.js:776
[   57991ms] [LOG] [Fast Refresh] done in 41ms @ http://localhost:3000/_next/static/chunks/node_modules_next_dist_1e8vcs8._.js:776
[   58055ms] [LOG] [Fast Refresh] done in 41ms @ http://localhost:3000/_next/static/chunks/node_modules_next_dist_1e8vcs8._.js:776
[   58112ms] [LOG] [Fast Refresh] done in 41ms @ http://localhost:3000/_next/static/chunks/node_modules_next_dist_1e8vcs8._.js:776
[   58176ms] [LOG] [Fast Refresh] done in 41ms @ http://localhost:3000/_next/static/chunks/node_modules_next_dist_1e8vcs8._.js:776
[   58240ms] [LOG] [Fast Refresh] done in 41ms @ http://localhost:3000/_next/static/chunks/node_modules_next_dist_1e8vcs8._.js:776
[   58296ms] [LOG] [Fast Refresh] done in 41ms @ http://localhost:3000/_next/static/chunks/node_modules_next_dist_1e8vcs8._.js:776
[   58359ms] [LOG] [Fast Refresh] done in 41ms @ http://localhost:3000/_next/static/chunks/node_modules_next_dist_1e8vcs8._.js:776
[   58412ms] [LOG] [Fast Refresh] done in 41ms @ http://localhost:3000/_next/static/chunks/node_modules_next_dist_1e8vcs8._.js:776
[   58475ms] [LOG] [Fast Refresh] done in 41ms @ http://localhost:3000/_next/static/chunks/node_modules_next_dist_1e8vcs8._.js:776
[   58539ms] [LOG] [Fast Refresh] done in 41ms @ http://localhost:3000/_next/static/chunks/node_modules_next_dist_1e8vcs8._.js:776
[   58596ms] [LOG] [Fast Refresh] done in 41ms @ http://localhost:3000/_next/static/chunks/node_modules_next_dist_1e8vcs8._.js:776
[   58660ms] [LOG] [Fast Refresh] done in 41ms @ http://localhost:3000/_next/static/chunks/node_modules_next_dist_1e8vcs8._.js:776
[   58724ms] [LOG] [Fast Refresh] done in 41ms @ http://localhost:3000/_next/static/chunks/node_modules_next_dist_1e8vcs8._.js:776
[   58788ms] [LOG] [Fast Refresh] done in 41ms @ http://localhost:3000/_next/static/chunks/node_modules_next_dist_1e8vcs8._.js:776
[   58845ms] [LOG] [Fast Refresh] done in 41ms @ http://localhost:3000/_next/static/chunks/node_modules_next_dist_1e8vcs8._.js:776
[   58907ms] [LOG] [Fast Refresh] done in 41ms @ http://localhost:3000/_next/static/chunks/node_modules_next_dist_1e8vcs8._.js:776
[   58971ms] [LOG] [Fast Refresh] done in 41ms @ http://localhost:3000/_next/static/chunks/node_modules_next_dist_1e8vcs8._.js:776
[   59027ms] [LOG] [Fast Refresh] done in 41ms @ http://localhost:3000/_next/static/chunks/node_modules_next_dist_1e8vcs8._.js:776
[   59090ms] [LOG] [Fast Refresh] done in 41ms @ http://localhost:3000/_next/static/chunks/node_modules_next_dist_1e8vcs8._.js:776
[   59153ms] [LOG] [Fast Refresh] done in 41ms @ http://localhost:3000/_next/static/chunks/node_modules_next_dist_1e8vcs8._.js:776
[   59209ms] [LOG] [Fast Refresh] done in 41ms @ http://localhost:3000/_next/static/chunks/node_modules_next_dist_1e8vcs8._.js:776
[   59274ms] [LOG] [Fast Refresh] done in 41ms @ http://localhost:3000/_next/static/chunks/node_modules_next_dist_1e8vcs8._.js:776
[   59338ms] [LOG] [Fast Refresh] done in 41ms @ http://localhost:3000/_next/static/chunks/node_modules_next_dist_1e8vcs8._.js:776
[   59394ms] [LOG] [Fast Refresh] done in 41ms @ http://localhost:3000/_next/static/chunks/node_modules_next_dist_1e8vcs8._.js:776
[   59458ms] [LOG] [Fast Refresh] done in 41ms @ http://localhost:3000/_next/static/chunks/node_modules_next_dist_1e8vcs8._.js:776
[   59522ms] [LOG] [Fast Refresh] done in 41ms @ http://localhost:3000/_next/static/chunks/node_modules_next_dist_1e8vcs8._.js:776
[   59577ms] [LOG] [Fast Refresh] done in 41ms @ http://localhost:3000/_next/static/chunks/node_modules_next_dist_1e8vcs8._.js:776
[   59641ms] [LOG] [Fast Refresh] done in 41ms @ http://localhost:3000/_next/static/chunks/node_modules_next_dist_1e8vcs8._.js:776
[   59704ms] [LOG] [Fast Refresh] done in 41ms @ http://localhost:3000/_next/static/chunks/node_modules_next_dist_1e8vcs8._.js:776
[   59761ms] [LOG] [Fast Refresh] done in 41ms @ http://localhost:3000/_next/static/chunks/node_modules_next_dist_1e8vcs8._.js:776
[   59824ms] [LOG] [Fast Refresh] done in 41ms @ http://localhost:3000/_next/static/chunks/node_modules_next_dist_1e8vcs8._.js:776
[   59888ms] [LOG] [Fast Refresh] done in 41ms @ http://localhost:3000/_next/static/chunks/node_modules_next_dist_1e8vcs8._.js:776
[   59945ms] [LOG] [Fast Refresh] done in 41ms @ http://localhost:3000/_next/static/chunks/node_modules_next_dist_1e8vcs8._.js:776
[   60008ms] [LOG] [Fast Refresh] done in 41ms @ http://localhost:3000/_next/static/chunks/node_modules_next_dist_1e8vcs8._.js:776
[   60072ms] [LOG] [Fast Refresh] done in 41ms @ http://localhost:3000/_next/static/chunks/node_modules_next_dist_1e8vcs8._.js:776
[   60130ms] [LOG] [Fast Refresh] done in 41ms @ http://localhost:3000/_next/static/chunks/node_modules_next_dist_1e8vcs8._.js:776
[   60191ms] [LOG] [Fast Refresh] done in 41ms @ http://localhost:3000/_next/static/chunks/node_modules_next_dist_1e8vcs8._.js:776
[   60255ms] [LOG] [Fast Refresh] done in 41ms @ http://localhost:3000/_next/static/chunks/node_modules_next_dist_1e8vcs8._.js:776
[   60312ms] [LOG] [Fast Refresh] done in 41ms @ http://localhost:3000/_next/static/chunks/node_modules_next_dist_1e8vcs8._.js:776
[   60376ms] [LOG] [Fast Refresh] done in 41ms @ http://localhost:3000/_next/static/chunks/node_modules_next_dist_1e8vcs8._.js:776
[   60428ms] [LOG] [Fast Refresh] done in 41ms @ http://localhost:3000/_next/static/chunks/node_modules_next_dist_1e8vcs8._.js:776
[   60491ms] [LOG] [Fast Refresh] done in 41ms @ http://localhost:3000/_next/static/chunks/node_modules_next_dist_1e8vcs8._.js:776
[   60555ms] [LOG] [Fast Refresh] done in 41ms @ http://localhost:3000/_next/static/chunks/node_modules_next_dist_1e8vcs8._.js:776
[   60611ms] [LOG] [Fast Refresh] done in 41ms @ http://localhost:3000/_next/static/chunks/node_modules_next_dist_1e8vcs8._.js:776
[   60674ms] [LOG] [Fast Refresh] done in 41ms @ http://localhost:3000/_next/static/chunks/node_modules_next_dist_1e8vcs8._.js:776
[   60738ms] [LOG] [Fast Refresh] done in 41ms @ http://localhost:3000/_next/static/chunks/node_modules_next_dist_1e8vcs8._.js:776
[   60795ms] [LOG] [Fast Refresh] done in 41ms @ http://localhost:3000/_next/static/chunks/node_modules_next_dist_1e8vcs8._.js:776
[   60859ms] [LOG] [Fast Refresh] done in 41ms @ http://localhost:3000/_next/static/chunks/node_modules_next_dist_1e8vcs8._.js:776
[   60914ms] [LOG] [Fast Refresh] done in 41ms @ http://localhost:3000/_next/static/chunks/node_modules_next_dist_1e8vcs8._.js:776
[   60977ms] [LOG] [Fast Refresh] done in 41ms @ http://localhost:3000/_next/static/chunks/node_modules_next_dist_1e8vcs8._.js:776
[   61040ms] [LOG] [Fast Refresh] done in 41ms @ http://localhost:3000/_next/static/chunks/node_modules_next_dist_1e8vcs8._.js:776
[   61105ms] [LOG] [Fast Refresh] done in 41ms @ http://localhost:3000/_next/static/chunks/node_modules_next_dist_1e8vcs8._.js:776
[   61161ms] [LOG] [Fast Refresh] done in 41ms @ http://localhost:3000/_next/static/chunks/node_modules_next_dist_1e8vcs8._.js:776
[   61208ms] [LOG] [Fast Refresh] done in 41ms @ http://localhost:3000/_next/static/chunks/node_modules_next_dist_1e8vcs8._.js:776
[   61273ms] [LOG] [Fast Refresh] done in 41ms @ http://localhost:3000/_next/static/chunks/node_modules_next_dist_1e8vcs8._.js:776
[   61345ms] [LOG] [Fast Refresh] done in 41ms @ http://localhost:3000/_next/static/chunks/node_modules_next_dist_1e8vcs8._.js:776
[   61408ms] [LOG] [Fast Refresh] done in 41ms @ http://localhost:3000/_next/static/chunks/node_modules_next_dist_1e8vcs8._.js:776
[   61472ms] [LOG] [Fast Refresh] done in 41ms @ http://localhost:3000/_next/static/chunks/node_modules_next_dist_1e8vcs8._.js:776
[   61531ms] [LOG] [Fast Refresh] done in 41ms @ http://localhost:3000/_next/static/chunks/node_modules_next_dist_1e8vcs8._.js:776
[   61592ms] [LOG] [Fast Refresh] done in 41ms @ http://localhost:3000/_next/static/chunks/node_modules_next_dist_1e8vcs8._.js:776
[   61655ms] [LOG] [Fast Refresh] done in 41ms @ http://localhost:3000/_next/static/chunks/node_modules_next_dist_1e8vcs8._.js:776
[   61720ms] [LOG] [Fast Refresh] done in 41ms @ http://localhost:3000/_next/static/chunks/node_modules_next_dist_1e8vcs8._.js:776
[   61776ms] [LOG] [Fast Refresh] done in 41ms @ http://localhost:3000/_next/static/chunks/node_modules_next_dist_1e8vcs8._.js:776
[   61840ms] [LOG] [Fast Refresh] done in 41ms @ http://localhost:3000/_next/static/chunks/node_modules_next_dist_1e8vcs8._.js:776
[   61895ms] [LOG] [Fast Refresh] done in 41ms @ http://localhost:3000/_next/static/chunks/node_modules_next_dist_1e8vcs8._.js:776
[   61958ms] [LOG] [Fast Refresh] done in 41ms @ http://localhost:3000/_next/static/chunks/node_modules_next_dist_1e8vcs8._.js:776
[   62022ms] [LOG] [Fast Refresh] done in 41ms @ http://localhost:3000/_next/static/chunks/node_modules_next_dist_1e8vcs8._.js:776
[   62078ms] [LOG] [Fast Refresh] done in 41ms @ http://localhost:3000/_next/static/chunks/node_modules_next_dist_1e8vcs8._.js:776
[   62141ms] [LOG] [Fast Refresh] done in 41ms @ http://localhost:3000/_next/static/chunks/node_modules_next_dist_1e8vcs8._.js:776
[   62205ms] [LOG] [Fast Refresh] done in 41ms @ http://localhost:3000/_next/static/chunks/node_modules_next_dist_1e8vcs8._.js:776
[   62262ms] [LOG] [Fast Refresh] done in 41ms @ http://localhost:3000/_next/static/chunks/node_modules_next_dist_1e8vcs8._.js:776
[   62325ms] [LOG] [Fast Refresh] done in 41ms @ http://localhost:3000/_next/static/chunks/node_modules_next_dist_1e8vcs8._.js:776
[   62388ms] [LOG] [Fast Refresh] done in 41ms @ http://localhost:3000/_next/static/chunks/node_modules_next_dist_1e8vcs8._.js:776
[   62444ms] [LOG] [Fast Refresh] done in 41ms @ http://localhost:3000/_next/static/chunks/node_modules_next_dist_1e8vcs8._.js:776
[   62494ms] [LOG] [Fast Refresh] done in 41ms @ http://localhost:3000/_next/static/chunks/node_modules_next_dist_1e8vcs8._.js:776
[   62551ms] [LOG] [Fast Refresh] done in 41ms @ http://localhost:3000/_next/static/chunks/node_modules_next_dist_1e8vcs8._.js:776
[   62609ms] [LOG] [Fast Refresh] done in 41ms @ http://localhost:3000/_next/static/chunks/node_modules_next_dist_1e8vcs8._.js:776
[   62661ms] [LOG] [Fast Refresh] done in 41ms @ http://localhost:3000/_next/static/chunks/node_modules_next_dist_1e8vcs8._.js:776
[   62725ms] [LOG] [Fast Refresh] done in 41ms @ http://localhost:3000/_next/static/chunks/node_modules_next_dist_1e8vcs8._.js:776
[   62777ms] [LOG] [Fast Refresh] done in 41ms @ http://localhost:3000/_next/static/chunks/node_modules_next_dist_1e8vcs8._.js:776
[   62828ms] [LOG] [Fast Refresh] done in 41ms @ http://localhost:3000/_next/static/chunks/node_modules_next_dist_1e8vcs8._.js:776
[   62893ms] [LOG] [Fast Refresh] done in 41ms @ http://localhost:3000/_next/static/chunks/node_modules_next_dist_1e8vcs8._.js:776
[   62960ms] [LOG] [Fast Refresh] done in 41ms @ http://localhost:3000/_next/static/chunks/node_modules_next_dist_1e8vcs8._.js:776
[   63017ms] [LOG] [Fast Refresh] done in 41ms @ http://localhost:3000/_next/static/chunks/node_modules_next_dist_1e8vcs8._.js:776
[   63076ms] [LOG] [Fast Refresh] done in 41ms @ http://localhost:3000/_next/static/chunks/node_modules_next_dist_1e8vcs8._.js:776
[   63127ms] [LOG] [Fast Refresh] done in 41ms @ http://localhost:3000/_next/static/chunks/node_modules_next_dist_1e8vcs8._.js:776
[   63178ms] [LOG] [Fast Refresh] done in 41ms @ http://localhost:3000/_next/static/chunks/node_modules_next_dist_1e8vcs8._.js:776
[   63240ms] [LOG] [Fast Refresh] done in 41ms @ http://localhost:3000/_next/static/chunks/node_modules_next_dist_1e8vcs8._.js:776
[   63294ms] [LOG] [Fast Refresh] done in 41ms @ http://localhost:3000/_next/static/chunks/node_modules_next_dist_1e8vcs8._.js:776
[   63345ms] [LOG] [Fast Refresh] done in 41ms @ http://localhost:3000/_next/static/chunks/node_modules_next_dist_1e8vcs8._.js:776
[   63409ms] [LOG] [Fast Refresh] done in 41ms @ http://localhost:3000/_next/static/chunks/node_modules_next_dist_1e8vcs8._.js:776
[   63473ms] [LOG] [Fast Refresh] done in 41ms @ http://localhost:3000/_next/static/chunks/node_modules_next_dist_1e8vcs8._.js:776
[   63528ms] [LOG] [Fast Refresh] done in 41ms @ http://localhost:3000/_next/static/chunks/node_modules_next_dist_1e8vcs8._.js:776
[   63590ms] [LOG] [Fast Refresh] done in 41ms @ http://localhost:3000/_next/static/chunks/node_modules_next_dist_1e8vcs8._.js:776
[   63653ms] [LOG] [Fast Refresh] done in 41ms @ http://localhost:3000/_next/static/chunks/node_modules_next_dist_1e8vcs8._.js:776
[   63709ms] [LOG] [Fast Refresh] done in 41ms @ http://localhost:3000/_next/static/chunks/node_modules_next_dist_1e8vcs8._.js:776
[   63773ms] [LOG] [Fast Refresh] done in 41ms @ http://localhost:3000/_next/static/chunks/node_modules_next_dist_1e8vcs8._.js:776
[   63827ms] [LOG] [Fast Refresh] done in 41ms @ http://localhost:3000/_next/static/chunks/node_modules_next_dist_1e8vcs8._.js:776
[   63883ms] [LOG] [Fast Refresh] done in 41ms @ http://localhost:3000/_next/static/chunks/node_modules_next_dist_1e8vcs8._.js:776
[   63942ms] [LOG] [Fast Refresh] done in 41ms @ http://localhost:3000/_next/static/chunks/node_modules_next_dist_1e8vcs8._.js:776
[   63994ms] [LOG] [Fast Refresh] done in 41ms @ http://localhost:3000/_next/static/chunks/node_modules_next_dist_1e8vcs8._.js:776
[   64044ms] [LOG] [Fast Refresh] done in 41ms @ http://localhost:3000/_next/static/chunks/node_modules_next_dist_1e8vcs8._.js:776
[   64105ms] [LOG] [Fast Refresh] done in 41ms @ http://localhost:3000/_next/static/chunks/node_modules_next_dist_1e8vcs8._.js:776
[   64161ms] [LOG] [Fast Refresh] done in 41ms @ http://localhost:3000/_next/static/chunks/node_modules_next_dist_1e8vcs8._.js:776
[   64223ms] [LOG] [Fast Refresh] done in 41ms @ http://localhost:3000/_next/static/chunks/node_modules_next_dist_1e8vcs8._.js:776
[   64275ms] [LOG] [Fast Refresh] done in 41ms @ http://localhost:3000/_next/static/chunks/node_modules_next_dist_1e8vcs8._.js:776
[   64338ms] [LOG] [Fast Refresh] done in 41ms @ http://localhost:3000/_next/static/chunks/node_modules_next_dist_1e8vcs8._.js:776
[   64401ms] [LOG] [Fast Refresh] done in 41ms @ http://localhost:3000/_next/static/chunks/node_modules_next_dist_1e8vcs8._.js:776
[   64462ms] [LOG] [Fast Refresh] done in 41ms @ http://localhost:3000/_next/static/chunks/node_modules_next_dist_1e8vcs8._.js:776
[   64520ms] [LOG] [Fast Refresh] done in 41ms @ http://localhost:3000/_next/static/chunks/node_modules_next_dist_1e8vcs8._.js:776
[   64648ms] [LOG] [Fast Refresh] done in 41ms @ http://localhost:3000/_next/static/chunks/node_modules_next_dist_1e8vcs8._.js:776
[   64720ms] [LOG] [Fast Refresh] done in 41ms @ http://localhost:3000/_next/static/chunks/node_modules_next_dist_1e8vcs8._.js:776
[   64778ms] [LOG] [Fast Refresh] done in 41ms @ http://localhost:3000/_next/static/chunks/node_modules_next_dist_1e8vcs8._.js:776
[   64830ms] [LOG] [Fast Refresh] done in 41ms @ http://localhost:3000/_next/static/chunks/node_modules_next_dist_1e8vcs8._.js:776
[   64911ms] [LOG] [Fast Refresh] done in 41ms @ http://localhost:3000/_next/static/chunks/node_modules_next_dist_1e8vcs8._.js:776
[   64974ms] [LOG] [Fast Refresh] done in 41ms @ http://localhost:3000/_next/static/chunks/node_modules_next_dist_1e8vcs8._.js:776
[   65029ms] [LOG] [Fast Refresh] done in 41ms @ http://localhost:3000/_next/static/chunks/node_modules_next_dist_1e8vcs8._.js:776
[   65095ms] [LOG] [Fast Refresh] done in 41ms @ http://localhost:3000/_next/static/chunks/node_modules_next_dist_1e8vcs8._.js:776
[   65154ms] [LOG] [Fast Refresh] done in 41ms @ http://localhost:3000/_next/static/chunks/node_modules_next_dist_1e8vcs8._.js:776
[   65217ms] [LOG] [Fast Refresh] done in 41ms @ http://localhost:3000/_next/static/chunks/node_modules_next_dist_1e8vcs8._.js:776
[   65289ms] [LOG] [Fast Refresh] done in 41ms @ http://localhost:3000/_next/static/chunks/node_modules_next_dist_1e8vcs8._.js:776
[   65345ms] [LOG] [Fast Refresh] done in 41ms @ http://localhost:3000/_next/static/chunks/node_modules_next_dist_1e8vcs8._.js:776
[   65401ms] [LOG] [Fast Refresh] done in 41ms @ http://localhost:3000/_next/static/chunks/node_modules_next_dist_1e8vcs8._.js:776
[   65461ms] [LOG] [Fast Refresh] done in 41ms @ http://localhost:3000/_next/static/chunks/node_modules_next_dist_1e8vcs8._.js:776
[   65524ms] [LOG] [Fast Refresh] done in 41ms @ http://localhost:3000/_next/static/chunks/node_modules_next_dist_1e8vcs8._.js:776
[   65588ms] [LOG] [Fast Refresh] done in 41ms @ http://localhost:3000/_next/static/chunks/node_modules_next_dist_1e8vcs8._.js:776
[   65644ms] [LOG] [Fast Refresh] done in 41ms @ http://localhost:3000/_next/static/chunks/node_modules_next_dist_1e8vcs8._.js:776
[   65707ms] [LOG] [Fast Refresh] done in 41ms @ http://localhost:3000/_next/static/chunks/node_modules_next_dist_1e8vcs8._.js:776
[   65772ms] [LOG] [Fast Refresh] done in 41ms @ http://localhost:3000/_next/static/chunks/node_modules_next_dist_1e8vcs8._.js:776
[   65828ms] [LOG] [Fast Refresh] done in 41ms @ http://localhost:3000/_next/static/chunks/node_modules_next_dist_1e8vcs8._.js:776
[   65891ms] [LOG] [Fast Refresh] done in 41ms @ http://localhost:3000/_next/static/chunks/node_modules_next_dist_1e8vcs8._.js:776
[   65944ms] [LOG] [Fast Refresh] done in 41ms @ http://localhost:3000/_next/static/chunks/node_modules_next_dist_1e8vcs8._.js:776
[   66007ms] [LOG] [Fast Refresh] done in 41ms @ http://localhost:3000/_next/static/chunks/node_modules_next_dist_1e8vcs8._.js:776
[   66071ms] [LOG] [Fast Refresh] done in 41ms @ http://localhost:3000/_next/static/chunks/node_modules_next_dist_1e8vcs8._.js:776
[   66128ms] [LOG] [Fast Refresh] done in 41ms @ http://localhost:3000/_next/static/chunks/node_modules_next_dist_1e8vcs8._.js:776
[   66191ms] [LOG] [Fast Refresh] done in 41ms @ http://localhost:3000/_next/static/chunks/node_modules_next_dist_1e8vcs8._.js:776
[   66254ms] [LOG] [Fast Refresh] done in 41ms @ http://localhost:3000/_next/static/chunks/node_modules_next_dist_1e8vcs8._.js:776
[   66313ms] [LOG] [Fast Refresh] done in 41ms @ http://localhost:3000/_next/static/chunks/node_modules_next_dist_1e8vcs8._.js:776
[   66400ms] [LOG] [Fast Refresh] done in 41ms @ http://localhost:3000/_next/static/chunks/node_modules_next_dist_1e8vcs8._.js:776
[   66463ms] [LOG] [Fast Refresh] done in 41ms @ http://localhost:3000/_next/static/chunks/node_modules_next_dist_1e8vcs8._.js:776
[   66538ms] [LOG] [Fast Refresh] done in 41ms @ http://localhost:3000/_next/static/chunks/node_modules_next_dist_1e8vcs8._.js:776
[   66599ms] [LOG] [Fast Refresh] done in 41ms @ http://localhost:3000/_next/static/chunks/node_modules_next_dist_1e8vcs8._.js:776
[   66658ms] [LOG] [Fast Refresh] done in 41ms @ http://localhost:3000/_next/static/chunks/node_modules_next_dist_1e8vcs8._.js:776
[   66727ms] [LOG] [Fast Refresh] done in 41ms @ http://localhost:3000/_next/static/chunks/node_modules_next_dist_1e8vcs8._.js:776
[   66792ms] [LOG] [Fast Refresh] done in 41ms @ http://localhost:3000/_next/static/chunks/node_modules_next_dist_1e8vcs8._.js:776
[   66863ms] [LOG] [Fast Refresh] done in 41ms @ http://localhost:3000/_next/static/chunks/node_modules_next_dist_1e8vcs8._.js:776
[   66918ms] [LOG] [Fast Refresh] done in 41ms @ http://localhost:3000/_next/static/chunks/node_modules_next_dist_1e8vcs8._.js:776
[   66979ms] [LOG] [Fast Refresh] done in 41ms @ http://localhost:3000/_next/static/chunks/node_modules_next_dist_1e8vcs8._.js:776
[   67040ms] [LOG] [Fast Refresh] done in 41ms @ http://localhost:3000/_next/static/chunks/node_modules_next_dist_1e8vcs8._.js:776
[   67105ms] [LOG] [Fast Refresh] done in 41ms @ http://localhost:3000/_next/static/chunks/node_modules_next_dist_1e8vcs8._.js:776
[   67162ms] [LOG] [Fast Refresh] done in 41ms @ http://localhost:3000/_next/static/chunks/node_modules_next_dist_1e8vcs8._.js:776
[   67224ms] [LOG] [Fast Refresh] done in 41ms @ http://localhost:3000/_next/static/chunks/node_modules_next_dist_1e8vcs8._.js:776
[   67289ms] [LOG] [Fast Refresh] done in 41ms @ http://localhost:3000/_next/static/chunks/node_modules_next_dist_1e8vcs8._.js:776
[   67346ms] [LOG] [Fast Refresh] done in 41ms @ http://localhost:3000/_next/static/chunks/node_modules_next_dist_1e8vcs8._.js:776
[   67401ms] [LOG] [Fast Refresh] done in 41ms @ http://localhost:3000/_next/static/chunks/node_modules_next_dist_1e8vcs8._.js:776
[   67458ms] [LOG] [Fast Refresh] done in 41ms @ http://localhost:3000/_next/static/chunks/node_modules_next_dist_1e8vcs8._.js:776
[   67521ms] [LOG] [Fast Refresh] done in 41ms @ http://localhost:3000/_next/static/chunks/node_modules_next_dist_1e8vcs8._.js:776
[   67580ms] [LOG] [Fast Refresh] done in 41ms @ http://localhost:3000/_next/static/chunks/node_modules_next_dist_1e8vcs8._.js:776
[   67641ms] [LOG] [Fast Refresh] done in 41ms @ http://localhost:3000/_next/static/chunks/node_modules_next_dist_1e8vcs8._.js:776
[   67705ms] [LOG] [Fast Refresh] done in 41ms @ http://localhost:3000/_next/static/chunks/node_modules_next_dist_1e8vcs8._.js:776
[   67762ms] [LOG] [Fast Refresh] done in 41ms @ http://localhost:3000/_next/static/chunks/node_modules_next_dist_1e8vcs8._.js:776
[   67827ms] [LOG] [Fast Refresh] done in 41ms @ http://localhost:3000/_next/static/chunks/node_modules_next_dist_1e8vcs8._.js:776
[   67889ms] [LOG] [Fast Refresh] done in 41ms @ http://localhost:3000/_next/static/chunks/node_modules_next_dist_1e8vcs8._.js:776
[   67960ms] [LOG] [Fast Refresh] done in 41ms @ http://localhost:3000/_next/static/chunks/node_modules_next_dist_1e8vcs8._.js:776
[   68028ms] [LOG] [Fast Refresh] done in 41ms @ http://localhost:3000/_next/static/chunks/node_modules_next_dist_1e8vcs8._.js:776
[   68104ms] [LOG] [Fast Refresh] done in 41ms @ http://localhost:3000/_next/static/chunks/node_modules_next_dist_1e8vcs8._.js:776
[   68170ms] [LOG] [Fast Refresh] done in 41ms @ http://localhost:3000/_next/static/chunks/node_modules_next_dist_1e8vcs8._.js:776
[   68244ms] [LOG] [Fast Refresh] done in 41ms @ http://localhost:3000/_next/static/chunks/node_modules_next_dist_1e8vcs8._.js:776
[   68302ms] [LOG] [Fast Refresh] done in 41ms @ http://localhost:3000/_next/static/chunks/node_modules_next_dist_1e8vcs8._.js:776
[   68373ms] [LOG] [Fast Refresh] done in 41ms @ http://localhost:3000/_next/static/chunks/node_modules_next_dist_1e8vcs8._.js:776
[   68448ms] [LOG] [Fast Refresh] done in 41ms @ http://localhost:3000/_next/static/chunks/node_modules_next_dist_1e8vcs8._.js:776
[   68523ms] [LOG] [Fast Refresh] done in 41ms @ http://localhost:3000/_next/static/chunks/node_modules_next_dist_1e8vcs8._.js:776
[   68576ms] [LOG] [Fast Refresh] done in 41ms @ http://localhost:3000/_next/static/chunks/node_modules_next_dist_1e8vcs8._.js:776
[   68644ms] [LOG] [Fast Refresh] done in 41ms @ http://localhost:3000/_next/static/chunks/node_modules_next_dist_1e8vcs8._.js:776
[   68706ms] [LOG] [Fast Refresh] done in 41ms @ http://localhost:3000/_next/static/chunks/node_modules_next_dist_1e8vcs8._.js:776
[   68777ms] [LOG] [Fast Refresh] done in 41ms @ http://localhost:3000/_next/static/chunks/node_modules_next_dist_1e8vcs8._.js:776
[   68827ms] [LOG] [Fast Refresh] done in 41ms @ http://localhost:3000/_next/static/chunks/node_modules_next_dist_1e8vcs8._.js:776
[   68890ms] [LOG] [Fast Refresh] done in 41ms @ http://localhost:3000/_next/static/chunks/node_modules_next_dist_1e8vcs8._.js:776
[   68944ms] [LOG] [Fast Refresh] done in 41ms @ http://localhost:3000/_next/static/chunks/node_modules_next_dist_1e8vcs8._.js:776
[   69009ms] [LOG] [Fast Refresh] done in 41ms @ http://localhost:3000/_next/static/chunks/node_modules_next_dist_1e8vcs8._.js:776
[   69072ms] [LOG] [Fast Refresh] done in 41ms @ http://localhost:3000/_next/static/chunks/node_modules_next_dist_1e8vcs8._.js:776
[   69129ms] [LOG] [Fast Refresh] done in 41ms @ http://localhost:3000/_next/static/chunks/node_modules_next_dist_1e8vcs8._.js:776
[   69191ms] [LOG] [Fast Refresh] done in 41ms @ http://localhost:3000/_next/static/chunks/node_modules_next_dist_1e8vcs8._.js:776
[   69255ms] [LOG] [Fast Refresh] done in 41ms @ http://localhost:3000/_next/static/chunks/node_modules_next_dist_1e8vcs8._.js:776
[   69311ms] [LOG] [Fast Refresh] done in 41ms @ http://localhost:3000/_next/static/chunks/node_modules_next_dist_1e8vcs8._.js:776
[   69378ms] [LOG] [Fast Refresh] done in 41ms @ http://localhost:3000/_next/static/chunks/node_modules_next_dist_1e8vcs8._.js:776
[   69427ms] [LOG] [Fast Refresh] done in 41ms @ http://localhost:3000/_next/static/chunks/node_modules_next_dist_1e8vcs8._.js:776
[   69492ms] [LOG] [Fast Refresh] done in 41ms @ http://localhost:3000/_next/static/chunks/node_modules_next_dist_1e8vcs8._.js:776
[   69555ms] [LOG] [Fast Refresh] done in 41ms @ http://localhost:3000/_next/static/chunks/node_modules_next_dist_1e8vcs8._.js:776
[   69620ms] [LOG] [Fast Refresh] done in 41ms @ http://localhost:3000/_next/static/chunks/node_modules_next_dist_1e8vcs8._.js:776
[   69685ms] [LOG] [Fast Refresh] done in 41ms @ http://localhost:3000/_next/static/chunks/node_modules_next_dist_1e8vcs8._.js:776
[   69743ms] [LOG] [Fast Refresh] done in 41ms @ http://localhost:3000/_next/static/chunks/node_modules_next_dist_1e8vcs8._.js:776
[   69804ms] [LOG] [Fast Refresh] done in 41ms @ http://localhost:3000/_next/static/chunks/node_modules_next_dist_1e8vcs8._.js:776
[   69900ms] [LOG] [Fast Refresh] done in 41ms @ http://localhost:3000/_next/static/chunks/node_modules_next_dist_1e8vcs8._.js:776
[   69960ms] [LOG] [Fast Refresh] done in 41ms @ http://localhost:3000/_next/static/chunks/node_modules_next_dist_1e8vcs8._.js:776
[   70016ms] [LOG] [Fast Refresh] done in 41ms @ http://localhost:3000/_next/static/chunks/node_modules_next_dist_1e8vcs8._.js:776
[   70077ms] [LOG] [Fast Refresh] done in 41ms @ http://localhost:3000/_next/static/chunks/node_modules_next_dist_1e8vcs8._.js:776
[   70127ms] [LOG] [Fast Refresh] done in 41ms @ http://localhost:3000/_next/static/chunks/node_modules_next_dist_1e8vcs8._.js:776
[   70192ms] [LOG] [Fast Refresh] done in 41ms @ http://localhost:3000/_next/static/chunks/node_modules_next_dist_1e8vcs8._.js:776
[   70256ms] [LOG] [Fast Refresh] done in 41ms @ http://localhost:3000/_next/static/chunks/node_modules_next_dist_1e8vcs8._.js:776
[   70314ms] [LOG] [Fast Refresh] done in 41ms @ http://localhost:3000/_next/static/chunks/node_modules_next_dist_1e8vcs8._.js:776
[   70386ms] [LOG] [Fast Refresh] done in 41ms @ http://localhost:3000/_next/static/chunks/node_modules_next_dist_1e8vcs8._.js:776
[   70448ms] [LOG] [Fast Refresh] done in 41ms @ http://localhost:3000/_next/static/chunks/node_modules_next_dist_1e8vcs8._.js:776
[   70526ms] [LOG] [Fast Refresh] done in 41ms @ http://localhost:3000/_next/static/chunks/node_modules_next_dist_1e8vcs8._.js:776
[   70587ms] [LOG] [Fast Refresh] done in 41ms @ http://localhost:3000/_next/static/chunks/node_modules_next_dist_1e8vcs8._.js:776
[   70645ms] [LOG] [Fast Refresh] done in 41ms @ http://localhost:3000/_next/static/chunks/node_modules_next_dist_1e8vcs8._.js:776
[   70706ms] [LOG] [Fast Refresh] done in 41ms @ http://localhost:3000/_next/static/chunks/node_modules_next_dist_1e8vcs8._.js:776
[   70771ms] [LOG] [Fast Refresh] done in 41ms @ http://localhost:3000/_next/static/chunks/node_modules_next_dist_1e8vcs8._.js:776
[   70828ms] [LOG] [Fast Refresh] done in 41ms @ http://localhost:3000/_next/static/chunks/node_modules_next_dist_1e8vcs8._.js:776
[   70890ms] [LOG] [Fast Refresh] done in 41ms @ http://localhost:3000/_next/static/chunks/node_modules_next_dist_1e8vcs8._.js:776
[   70944ms] [LOG] [Fast Refresh] done in 41ms @ http://localhost:3000/_next/static/chunks/node_modules_next_dist_1e8vcs8._.js:776
[   71006ms] [LOG] [Fast Refresh] done in 41ms @ http://localhost:3000/_next/static/chunks/node_modules_next_dist_1e8vcs8._.js:776
[   71071ms] [LOG] [Fast Refresh] done in 41ms @ http://localhost:3000/_next/static/chunks/node_modules_next_dist_1e8vcs8._.js:776
[   71128ms] [LOG] [Fast Refresh] done in 41ms @ http://localhost:3000/_next/static/chunks/node_modules_next_dist_1e8vcs8._.js:776
[   71194ms] [LOG] [Fast Refresh] done in 41ms @ http://localhost:3000/_next/static/chunks/node_modules_next_dist_1e8vcs8._.js:776
[   71256ms] [LOG] [Fast Refresh] done in 41ms @ http://localhost:3000/_next/static/chunks/node_modules_next_dist_1e8vcs8._.js:776
[   71320ms] [LOG] [Fast Refresh] done in 41ms @ http://localhost:3000/_next/static/chunks/node_modules_next_dist_1e8vcs8._.js:776
[   71377ms] [LOG] [Fast Refresh] done in 41ms @ http://localhost:3000/_next/static/chunks/node_modules_next_dist_1e8vcs8._.js:776
[   71427ms] [LOG] [Fast Refresh] done in 41ms @ http://localhost:3000/_next/static/chunks/node_modules_next_dist_1e8vcs8._.js:776
[   71492ms] [LOG] [Fast Refresh] done in 41ms @ http://localhost:3000/_next/static/chunks/node_modules_next_dist_1e8vcs8._.js:776
[   71556ms] [LOG] [Fast Refresh] done in 41ms @ http://localhost:3000/_next/static/chunks/node_modules_next_dist_1e8vcs8._.js:776
[   71615ms] [LOG] [Fast Refresh] done in 41ms @ http://localhost:3000/_next/static/chunks/node_modules_next_dist_1e8vcs8._.js:776
[   71697ms] [LOG] [Fast Refresh] done in 41ms @ http://localhost:3000/_next/static/chunks/node_modules_next_dist_1e8vcs8._.js:776
[   71778ms] [LOG] [Fast Refresh] done in 41ms @ http://localhost:3000/_next/static/chunks/node_modules_next_dist_1e8vcs8._.js:776
[   71830ms] [LOG] [Fast Refresh] done in 41ms @ http://localhost:3000/_next/static/chunks/node_modules_next_dist_1e8vcs8._.js:776
[   71893ms] [LOG] [Fast Refresh] done in 41ms @ http://localhost:3000/_next/static/chunks/node_modules_next_dist_1e8vcs8._.js:776
[   71959ms] [LOG] [Fast Refresh] done in 41ms @ http://localhost:3000/_next/static/chunks/node_modules_next_dist_1e8vcs8._.js:776
[   72019ms] [LOG] [Fast Refresh] done in 41ms @ http://localhost:3000/_next/static/chunks/node_modules_next_dist_1e8vcs8._.js:776
[   72087ms] [LOG] [Fast Refresh] done in 41ms @ http://localhost:3000/_next/static/chunks/node_modules_next_dist_1e8vcs8._.js:776
[   72144ms] [LOG] [Fast Refresh] done in 41ms @ http://localhost:3000/_next/static/chunks/node_modules_next_dist_1e8vcs8._.js:776
[   72204ms] [LOG] [Fast Refresh] done in 41ms @ http://localhost:3000/_next/static/chunks/node_modules_next_dist_1e8vcs8._.js:776
[   72282ms] [LOG] [Fast Refresh] done in 41ms @ http://localhost:3000/_next/static/chunks/node_modules_next_dist_1e8vcs8._.js:776
[   72341ms] [LOG] [Fast Refresh] done in 41ms @ http://localhost:3000/_next/static/chunks/node_modules_next_dist_1e8vcs8._.js:776
[   72399ms] [LOG] [Fast Refresh] done in 41ms @ http://localhost:3000/_next/static/chunks/node_modules_next_dist_1e8vcs8._.js:776
[   72460ms] [LOG] [Fast Refresh] done in 41ms @ http://localhost:3000/_next/static/chunks/node_modules_next_dist_1e8vcs8._.js:776
[   72525ms] [LOG] [Fast Refresh] done in 41ms @ http://localhost:3000/_next/static/chunks/node_modules_next_dist_1e8vcs8._.js:776
[   72589ms] [LOG] [Fast Refresh] done in 41ms @ http://localhost:3000/_next/static/chunks/node_modules_next_dist_1e8vcs8._.js:776
[   72643ms] [LOG] [Fast Refresh] done in 41ms @ http://localhost:3000/_next/static/chunks/node_modules_next_dist_1e8vcs8._.js:776
[   72706ms] [LOG] [Fast Refresh] done in 41ms @ http://localhost:3000/_next/static/chunks/node_modules_next_dist_1e8vcs8._.js:776
[   72771ms] [LOG] [Fast Refresh] done in 41ms @ http://localhost:3000/_next/static/chunks/node_modules_next_dist_1e8vcs8._.js:776
[   72828ms] [LOG] [Fast Refresh] done in 41ms @ http://localhost:3000/_next/static/chunks/node_modules_next_dist_1e8vcs8._.js:776
[   72892ms] [LOG] [Fast Refresh] done in 41ms @ http://localhost:3000/_next/static/chunks/node_modules_next_dist_1e8vcs8._.js:776
[   72973ms] [LOG] [Fast Refresh] done in 41ms @ http://localhost:3000/_next/static/chunks/node_modules_next_dist_1e8vcs8._.js:776
[   73036ms] [LOG] [Fast Refresh] done in 41ms @ http://localhost:3000/_next/static/chunks/node_modules_next_dist_1e8vcs8._.js:776
[   73092ms] [LOG] [Fast Refresh] done in 41ms @ http://localhost:3000/_next/static/chunks/node_modules_next_dist_1e8vcs8._.js:776
[   73156ms] [LOG] [Fast Refresh] done in 41ms @ http://localhost:3000/_next/static/chunks/node_modules_next_dist_1e8vcs8._.js:776
[   73220ms] [LOG] [Fast Refresh] done in 41ms @ http://localhost:3000/_next/static/chunks/node_modules_next_dist_1e8vcs8._.js:776
[   73278ms] [LOG] [Fast Refresh] done in 41ms @ http://localhost:3000/_next/static/chunks/node_modules_next_dist_1e8vcs8._.js:776
[   73341ms] [LOG] [Fast Refresh] done in 41ms @ http://localhost:3000/_next/static/chunks/node_modules_next_dist_1e8vcs8._.js:776
[   73394ms] [LOG] [Fast Refresh] done in 41ms @ http://localhost:3000/_next/static/chunks/node_modules_next_dist_1e8vcs8._.js:776
[   73461ms] [LOG] [Fast Refresh] done in 41ms @ http://localhost:3000/_next/static/chunks/node_modules_next_dist_1e8vcs8._.js:776
[   73528ms] [LOG] [Fast Refresh] done in 41ms @ http://localhost:3000/_next/static/chunks/node_modules_next_dist_1e8vcs8._.js:776
[   73605ms] [LOG] [Fast Refresh] done in 41ms @ http://localhost:3000/_next/static/chunks/node_modules_next_dist_1e8vcs8._.js:776
[   73673ms] [LOG] [Fast Refresh] done in 41ms @ http://localhost:3000/_next/static/chunks/node_modules_next_dist_1e8vcs8._.js:776
[   73729ms] [LOG] [Fast Refresh] done in 41ms @ http://localhost:3000/_next/static/chunks/node_modules_next_dist_1e8vcs8._.js:776
[   73810ms] [LOG] [Fast Refresh] done in 41ms @ http://localhost:3000/_next/static/chunks/node_modules_next_dist_1e8vcs8._.js:776
[   73873ms] [LOG] [Fast Refresh] done in 41ms @ http://localhost:3000/_next/static/chunks/node_modules_next_dist_1e8vcs8._.js:776
[   73946ms] [LOG] [Fast Refresh] done in 41ms @ http://localhost:3000/_next/static/chunks/node_modules_next_dist_1e8vcs8._.js:776
[   74019ms] [LOG] [Fast Refresh] done in 41ms @ http://localhost:3000/_next/static/chunks/node_modules_next_dist_1e8vcs8._.js:776
[   74077ms] [LOG] [Fast Refresh] done in 41ms @ http://localhost:3000/_next/static/chunks/node_modules_next_dist_1e8vcs8._.js:776
[   74159ms] [LOG] [Fast Refresh] done in 41ms @ http://localhost:3000/_next/static/chunks/node_modules_next_dist_1e8vcs8._.js:776
[   74223ms] [LOG] [Fast Refresh] done in 41ms @ http://localhost:3000/_next/static/chunks/node_modules_next_dist_1e8vcs8._.js:776
[   74277ms] [LOG] [Fast Refresh] done in 41ms @ http://localhost:3000/_next/static/chunks/node_modules_next_dist_1e8vcs8._.js:776
[   74331ms] [LOG] [Fast Refresh] done in 41ms @ http://localhost:3000/_next/static/chunks/node_modules_next_dist_1e8vcs8._.js:776
[   74385ms] [LOG] [Fast Refresh] done in 41ms @ http://localhost:3000/_next/static/chunks/node_modules_next_dist_1e8vcs8._.js:776
[   74451ms] [LOG] [Fast Refresh] done in 41ms @ http://localhost:3000/_next/static/chunks/node_modules_next_dist_1e8vcs8._.js:776
[   74518ms] [LOG] [Fast Refresh] done in 41ms @ http://localhost:3000/_next/static/chunks/node_modules_next_dist_1e8vcs8._.js:776
[   74575ms] [LOG] [Fast Refresh] done in 41ms @ http://localhost:3000/_next/static/chunks/node_modules_next_dist_1e8vcs8._.js:776
[   74638ms] [LOG] [Fast Refresh] done in 41ms @ http://localhost:3000/_next/static/chunks/node_modules_next_dist_1e8vcs8._.js:776
[   74703ms] [LOG] [Fast Refresh] done in 41ms @ http://localhost:3000/_next/static/chunks/node_modules_next_dist_1e8vcs8._.js:776
[   74760ms] [LOG] [Fast Refresh] done in 41ms @ http://localhost:3000/_next/static/chunks/node_modules_next_dist_1e8vcs8._.js:776
[   74822ms] [LOG] [Fast Refresh] done in 41ms @ http://localhost:3000/_next/static/chunks/node_modules_next_dist_1e8vcs8._.js:776
[   74879ms] [LOG] [Fast Refresh] done in 41ms @ http://localhost:3000/_next/static/chunks/node_modules_next_dist_1e8vcs8._.js:776
[   74934ms] [LOG] [Fast Refresh] done in 41ms @ http://localhost:3000/_next/static/chunks/node_modules_next_dist_1e8vcs8._.js:776
[   74992ms] [LOG] [Fast Refresh] done in 41ms @ http://localhost:3000/_next/static/chunks/node_modules_next_dist_1e8vcs8._.js:776
[   75055ms] [LOG] [Fast Refresh] done in 41ms @ http://localhost:3000/_next/static/chunks/node_modules_next_dist_1e8vcs8._.js:776
[   75111ms] [LOG] [Fast Refresh] done in 41ms @ http://localhost:3000/_next/static/chunks/node_modules_next_dist_1e8vcs8._.js:776
[   75178ms] [LOG] [Fast Refresh] done in 41ms @ http://localhost:3000/_next/static/chunks/node_modules_next_dist_1e8vcs8._.js:776
[   75236ms] [LOG] [Fast Refresh] done in 41ms @ http://localhost:3000/_next/static/chunks/node_modules_next_dist_1e8vcs8._.js:776
[   75301ms] [LOG] [Fast Refresh] done in 41ms @ http://localhost:3000/_next/static/chunks/node_modules_next_dist_1e8vcs8._.js:776
[   75401ms] [LOG] [Fast Refresh] done in 41ms @ http://localhost:3000/_next/static/chunks/node_modules_next_dist_1e8vcs8._.js:776
[   75474ms] [LOG] [Fast Refresh] done in 41ms @ http://localhost:3000/_next/static/chunks/node_modules_next_dist_1e8vcs8._.js:776
[   75528ms] [LOG] [Fast Refresh] done in 41ms @ http://localhost:3000/_next/static/chunks/node_modules_next_dist_1e8vcs8._.js:776
[   75593ms] [LOG] [Fast Refresh] done in 41ms @ http://localhost:3000/_next/static/chunks/node_modules_next_dist_1e8vcs8._.js:776
[   75660ms] [LOG] [Fast Refresh] done in 41ms @ http://localhost:3000/_next/static/chunks/node_modules_next_dist_1e8vcs8._.js:776
[   75723ms] [LOG] [Fast Refresh] done in 41ms @ http://localhost:3000/_next/static/chunks/node_modules_next_dist_1e8vcs8._.js:776
[   75777ms] [LOG] [Fast Refresh] done in 41ms @ http://localhost:3000/_next/static/chunks/node_modules_next_dist_1e8vcs8._.js:776
[   75836ms] [LOG] [Fast Refresh] done in 41ms @ http://localhost:3000/_next/static/chunks/node_modules_next_dist_1e8vcs8._.js:776
[   75894ms] [LOG] [Fast Refresh] done in 41ms @ http://localhost:3000/_next/static/chunks/node_modules_next_dist_1e8vcs8._.js:776
[   75957ms] [LOG] [Fast Refresh] done in 41ms @ http://localhost:3000/_next/static/chunks/node_modules_next_dist_1e8vcs8._.js:776
[   76021ms] [LOG] [Fast Refresh] done in 41ms @ http://localhost:3000/_next/static/chunks/node_modules_next_dist_1e8vcs8._.js:776
[   76077ms] [LOG] [Fast Refresh] done in 41ms @ http://localhost:3000/_next/static/chunks/node_modules_next_dist_1e8vcs8._.js:776
[   76141ms] [LOG] [Fast Refresh] done in 41ms @ http://localhost:3000/_next/static/chunks/node_modules_next_dist_1e8vcs8._.js:776
[   76206ms] [LOG] [Fast Refresh] done in 41ms @ http://localhost:3000/_next/static/chunks/node_modules_next_dist_1e8vcs8._.js:776
[   76259ms] [LOG] [Fast Refresh] done in 41ms @ http://localhost:3000/_next/static/chunks/node_modules_next_dist_1e8vcs8._.js:776
[   76323ms] [LOG] [Fast Refresh] done in 41ms @ http://localhost:3000/_next/static/chunks/node_modules_next_dist_1e8vcs8._.js:776
[   76391ms] [LOG] [Fast Refresh] done in 41ms @ http://localhost:3000/_next/static/chunks/node_modules_next_dist_1e8vcs8._.js:776
[   76459ms] [LOG] [Fast Refresh] done in 41ms @ http://localhost:3000/_next/static/chunks/node_modules_next_dist_1e8vcs8._.js:776
[   76523ms] [LOG] [Fast Refresh] done in 41ms @ http://localhost:3000/_next/static/chunks/node_modules_next_dist_1e8vcs8._.js:776
[   76583ms] [LOG] [Fast Refresh] done in 41ms @ http://localhost:3000/_next/static/chunks/node_modules_next_dist_1e8vcs8._.js:776
[   76643ms] [LOG] [Fast Refresh] done in 41ms @ http://localhost:3000/_next/static/chunks/node_modules_next_dist_1e8vcs8._.js:776
[   76704ms] [LOG] [Fast Refresh] done in 41ms @ http://localhost:3000/_next/static/chunks/node_modules_next_dist_1e8vcs8._.js:776
[   76769ms] [LOG] [Fast Refresh] done in 41ms @ http://localhost:3000/_next/static/chunks/node_modules_next_dist_1e8vcs8._.js:776
[   76840ms] [LOG] [Fast Refresh] done in 41ms @ http://localhost:3000/_next/static/chunks/node_modules_next_dist_1e8vcs8._.js:776
[   76904ms] [LOG] [Fast Refresh] done in 41ms @ http://localhost:3000/_next/static/chunks/node_modules_next_dist_1e8vcs8._.js:776
[   76967ms] [LOG] [Fast Refresh] done in 41ms @ http://localhost:3000/_next/static/chunks/node_modules_next_dist_1e8vcs8._.js:776
[   77030ms] [LOG] [Fast Refresh] done in 41ms @ http://localhost:3000/_next/static/chunks/node_modules_next_dist_1e8vcs8._.js:776
[   77093ms] [LOG] [Fast Refresh] done in 41ms @ http://localhost:3000/_next/static/chunks/node_modules_next_dist_1e8vcs8._.js:776
[   77151ms] [LOG] [Fast Refresh] done in 41ms @ http://localhost:3000/_next/static/chunks/node_modules_next_dist_1e8vcs8._.js:776
[   77216ms] [LOG] [Fast Refresh] done in 41ms @ http://localhost:3000/_next/static/chunks/node_modules_next_dist_1e8vcs8._.js:776
[   77300ms] [LOG] [Fast Refresh] done in 41ms @ http://localhost:3000/_next/static/chunks/node_modules_next_dist_1e8vcs8._.js:776
[   77379ms] [LOG] [Fast Refresh] done in 41ms @ http://localhost:3000/_next/static/chunks/node_modules_next_dist_1e8vcs8._.js:776
[   77439ms] [LOG] [Fast Refresh] done in 41ms @ http://localhost:3000/_next/static/chunks/node_modules_next_dist_1e8vcs8._.js:776
[   77502ms] [LOG] [Fast Refresh] done in 41ms @ http://localhost:3000/_next/static/chunks/node_modules_next_dist_1e8vcs8._.js:776
[   77567ms] [LOG] [Fast Refresh] done in 41ms @ http://localhost:3000/_next/static/chunks/node_modules_next_dist_1e8vcs8._.js:776
[   77626ms] [LOG] [Fast Refresh] done in 41ms @ http://localhost:3000/_next/static/chunks/node_modules_next_dist_1e8vcs8._.js:776
[   77679ms] [LOG] [Fast Refresh] done in 41ms @ http://localhost:3000/_next/static/chunks/node_modules_next_dist_1e8vcs8._.js:776
[   77743ms] [LOG] [Fast Refresh] done in 41ms @ http://localhost:3000/_next/static/chunks/node_modules_next_dist_1e8vcs8._.js:776
[   77804ms] [LOG] [Fast Refresh] done in 41ms @ http://localhost:3000/_next/static/chunks/node_modules_next_dist_1e8vcs8._.js:776
[   77859ms] [LOG] [Fast Refresh] done in 41ms @ http://localhost:3000/_next/static/chunks/node_modules_next_dist_1e8vcs8._.js:776
[   77911ms] [LOG] [Fast Refresh] done in 41ms @ http://localhost:3000/_next/static/chunks/node_modules_next_dist_1e8vcs8._.js:776
[   77992ms] [LOG] [Fast Refresh] done in 41ms @ http://localhost:3000/_next/static/chunks/node_modules_next_dist_1e8vcs8._.js:776
[   78042ms] [LOG] [Fast Refresh] done in 41ms @ http://localhost:3000/_next/static/chunks/node_modules_next_dist_1e8vcs8._.js:776
[   78102ms] [LOG] [Fast Refresh] done in 41ms @ http://localhost:3000/_next/static/chunks/node_modules_next_dist_1e8vcs8._.js:776
[   78159ms] [LOG] [Fast Refresh] done in 41ms @ http://localhost:3000/_next/static/chunks/node_modules_next_dist_1e8vcs8._.js:776
[   78209ms] [LOG] [Fast Refresh] done in 41ms @ http://localhost:3000/_next/static/chunks/node_modules_next_dist_1e8vcs8._.js:776
[   78260ms] [LOG] [Fast Refresh] done in 41ms @ http://localhost:3000/_next/static/chunks/node_modules_next_dist_1e8vcs8._.js:776
[   78327ms] [LOG] [Fast Refresh] done in 41ms @ http://localhost:3000/_next/static/chunks/node_modules_next_dist_1e8vcs8._.js:776
[   78392ms] [LOG] [Fast Refresh] done in 41ms @ http://localhost:3000/_next/static/chunks/node_modules_next_dist_1e8vcs8._.js:776
[   78451ms] [LOG] [Fast Refresh] done in 41ms @ http://localhost:3000/_next/static/chunks/node_modules_next_dist_1e8vcs8._.js:776
[   78508ms] [LOG] [Fast Refresh] done in 41ms @ http://localhost:3000/_next/static/chunks/node_modules_next_dist_1e8vcs8._.js:776
[   78565ms] [LOG] [Fast Refresh] done in 41ms @ http://localhost:3000/_next/static/chunks/node_modules_next_dist_1e8vcs8._.js:776
[   78684ms] [LOG] [Fast Refresh] done in 41ms @ http://localhost:3000/_next/static/chunks/node_modules_next_dist_1e8vcs8._.js:776
[   78755ms] [LOG] [Fast Refresh] done in 41ms @ http://localhost:3000/_next/static/chunks/node_modules_next_dist_1e8vcs8._.js:776
[   78821ms] [LOG] [Fast Refresh] done in 41ms @ http://localhost:3000/_next/static/chunks/node_modules_next_dist_1e8vcs8._.js:776
[   79052ms] [LOG] [Fast Refresh] done in 41ms @ http://localhost:3000/_next/static/chunks/node_modules_next_dist_1e8vcs8._.js:776
[   79137ms] [LOG] [Fast Refresh] done in 41ms @ http://localhost:3000/_next/static/chunks/node_modules_next_dist_1e8vcs8._.js:776
[   79222ms] [LOG] [Fast Refresh] done in 41ms @ http://localhost:3000/_next/static/chunks/node_modules_next_dist_1e8vcs8._.js:776
[   79330ms] [LOG] [Fast Refresh] done in 41ms @ http://localhost:3000/_next/static/chunks/node_modules_next_dist_1e8vcs8._.js:776
[   79442ms] [LOG] [Fast Refresh] done in 41ms @ http://localhost:3000/_next/static/chunks/node_modules_next_dist_1e8vcs8._.js:776
[   79522ms] [LOG] [Fast Refresh] done in 41ms @ http://localhost:3000/_next/static/chunks/node_modules_next_dist_1e8vcs8._.js:776
[   79579ms] [LOG] [Fast Refresh] done in 41ms @ http://localhost:3000/_next/static/chunks/node_modules_next_dist_1e8vcs8._.js:776
[   79635ms] [LOG] [Fast Refresh] done in 41ms @ http://localhost:3000/_next/static/chunks/node_modules_next_dist_1e8vcs8._.js:776
[   79684ms] [LOG] [Fast Refresh] done in 41ms @ http://localhost:3000/_next/static/chunks/node_modules_next_dist_1e8vcs8._.js:776
[   79733ms] [LOG] [Fast Refresh] done in 41ms @ http://localhost:3000/_next/static/chunks/node_modules_next_dist_1e8vcs8._.js:776
[   79792ms] [LOG] [Fast Refresh] done in 41ms @ http://localhost:3000/_next/static/chunks/node_modules_next_dist_1e8vcs8._.js:776
[   79855ms] [LOG] [Fast Refresh] done in 41ms @ http://localhost:3000/_next/static/chunks/node_modules_next_dist_1e8vcs8._.js:776
[   79919ms] [LOG] [Fast Refresh] done in 41ms @ http://localhost:3000/_next/static/chunks/node_modules_next_dist_1e8vcs8._.js:776
[   79976ms] [LOG] [Fast Refresh] done in 41ms @ http://localhost:3000/_next/static/chunks/node_modules_next_dist_1e8vcs8._.js:776
[   80038ms] [LOG] [Fast Refresh] done in 41ms @ http://localhost:3000/_next/static/chunks/node_modules_next_dist_1e8vcs8._.js:776
[   80102ms] [LOG] [Fast Refresh] done in 41ms @ http://localhost:3000/_next/static/chunks/node_modules_next_dist_1e8vcs8._.js:776
[   80159ms] [LOG] [Fast Refresh] done in 41ms @ http://localhost:3000/_next/static/chunks/node_modules_next_dist_1e8vcs8._.js:776
[   80222ms] [LOG] [Fast Refresh] done in 41ms @ http://localhost:3000/_next/static/chunks/node_modules_next_dist_1e8vcs8._.js:776
[   80286ms] [LOG] [Fast Refresh] done in 41ms @ http://localhost:3000/_next/static/chunks/node_modules_next_dist_1e8vcs8._.js:776
[   80343ms] [LOG] [Fast Refresh] done in 41ms @ http://localhost:3000/_next/static/chunks/node_modules_next_dist_1e8vcs8._.js:776
[   80397ms] [LOG] [Fast Refresh] done in 41ms @ http://localhost:3000/_next/static/chunks/node_modules_next_dist_1e8vcs8._.js:776
[   80459ms] [LOG] [Fast Refresh] done in 41ms @ http://localhost:3000/_next/static/chunks/node_modules_next_dist_1e8vcs8._.js:776
[   80522ms] [LOG] [Fast Refresh] done in 41ms @ http://localhost:3000/_next/static/chunks/node_modules_next_dist_1e8vcs8._.js:776
[   80586ms] [LOG] [Fast Refresh] done in 41ms @ http://localhost:3000/_next/static/chunks/node_modules_next_dist_1e8vcs8._.js:776
[   80643ms] [LOG] [Fast Refresh] done in 41ms @ http://localhost:3000/_next/static/chunks/node_modules_next_dist_1e8vcs8._.js:776
[   80702ms] [LOG] [Fast Refresh] done in 41ms @ http://localhost:3000/_next/static/chunks/node_modules_next_dist_1e8vcs8._.js:776
[   80764ms] [LOG] [Fast Refresh] done in 41ms @ http://localhost:3000/_next/static/chunks/node_modules_next_dist_1e8vcs8._.js:776
[   80829ms] [LOG] [Fast Refresh] done in 41ms @ http://localhost:3000/_next/static/chunks/node_modules_next_dist_1e8vcs8._.js:776
[   80897ms] [LOG] [Fast Refresh] done in 41ms @ http://localhost:3000/_next/static/chunks/node_modules_next_dist_1e8vcs8._.js:776
[   80949ms] [LOG] [Fast Refresh] done in 41ms @ http://localhost:3000/_next/static/chunks/node_modules_next_dist_1e8vcs8._.js:776
[   81000ms] [LOG] [Fast Refresh] done in 41ms @ http://localhost:3000/_next/static/chunks/node_modules_next_dist_1e8vcs8._.js:776
[   81059ms] [LOG] [Fast Refresh] done in 41ms @ http://localhost:3000/_next/static/chunks/node_modules_next_dist_1e8vcs8._.js:776
[   81126ms] [LOG] [Fast Refresh] done in 41ms @ http://localhost:3000/_next/static/chunks/node_modules_next_dist_1e8vcs8._.js:776
[   81188ms] [LOG] [Fast Refresh] done in 41ms @ http://localhost:3000/_next/static/chunks/node_modules_next_dist_1e8vcs8._.js:776
[   81242ms] [LOG] [Fast Refresh] done in 41ms @ http://localhost:3000/_next/static/chunks/node_modules_next_dist_1e8vcs8._.js:776
[   81312ms] [LOG] [Fast Refresh] done in 41ms @ http://localhost:3000/_next/static/chunks/node_modules_next_dist_1e8vcs8._.js:776
[   81375ms] [LOG] [Fast Refresh] done in 41ms @ http://localhost:3000/_next/static/chunks/node_modules_next_dist_1e8vcs8._.js:776
[   81425ms] [LOG] [Fast Refresh] done in 41ms @ http://localhost:3000/_next/static/chunks/node_modules_next_dist_1e8vcs8._.js:776
[   81482ms] [LOG] [Fast Refresh] done in 41ms @ http://localhost:3000/_next/static/chunks/node_modules_next_dist_1e8vcs8._.js:776
[   81539ms] [LOG] [Fast Refresh] done in 41ms @ http://localhost:3000/_next/static/chunks/node_modules_next_dist_1e8vcs8._.js:776
[   81603ms] [LOG] [Fast Refresh] done in 41ms @ http://localhost:3000/_next/static/chunks/node_modules_next_dist_1e8vcs8._.js:776
[   81661ms] [LOG] [Fast Refresh] done in 41ms @ http://localhost:3000/_next/static/chunks/node_modules_next_dist_1e8vcs8._.js:776
[   81723ms] [LOG] [Fast Refresh] done in 41ms @ http://localhost:3000/_next/static/chunks/node_modules_next_dist_1e8vcs8._.js:776
[   81787ms] [LOG] [Fast Refresh] done in 41ms @ http://localhost:3000/_next/static/chunks/node_modules_next_dist_1e8vcs8._.js:776
[   81852ms] [LOG] [Fast Refresh] done in 41ms @ http://localhost:3000/_next/static/chunks/node_modules_next_dist_1e8vcs8._.js:776
[   81908ms] [LOG] [Fast Refresh] done in 41ms @ http://localhost:3000/_next/static/chunks/node_modules_next_dist_1e8vcs8._.js:776
[   81972ms] [LOG] [Fast Refresh] done in 41ms @ http://localhost:3000/_next/static/chunks/node_modules_next_dist_1e8vcs8._.js:776
[   82036ms] [LOG] [Fast Refresh] done in 41ms @ http://localhost:3000/_next/static/chunks/node_modules_next_dist_1e8vcs8._.js:776
[   82093ms] [LOG] [Fast Refresh] done in 41ms @ http://localhost:3000/_next/static/chunks/node_modules_next_dist_1e8vcs8._.js:776
[   82155ms] [LOG] [Fast Refresh] done in 41ms @ http://localhost:3000/_next/static/chunks/node_modules_next_dist_1e8vcs8._.js:776
[   82220ms] [LOG] [Fast Refresh] done in 41ms @ http://localhost:3000/_next/static/chunks/node_modules_next_dist_1e8vcs8._.js:776
[   82277ms] [LOG] [Fast Refresh] done in 41ms @ http://localhost:3000/_next/static/chunks/node_modules_next_dist_1e8vcs8._.js:776
[   82338ms] [LOG] [Fast Refresh] done in 41ms @ http://localhost:3000/_next/static/chunks/node_modules_next_dist_1e8vcs8._.js:776
[   82403ms] [LOG] [Fast Refresh] done in 41ms @ http://localhost:3000/_next/static/chunks/node_modules_next_dist_1e8vcs8._.js:776
[   82470ms] [LOG] [Fast Refresh] done in 41ms @ http://localhost:3000/_next/static/chunks/node_modules_next_dist_1e8vcs8._.js:776
[   82548ms] [LOG] [Fast Refresh] done in 41ms @ http://localhost:3000/_next/static/chunks/node_modules_next_dist_1e8vcs8._.js:776
[   82613ms] [LOG] [Fast Refresh] done in 41ms @ http://localhost:3000/_next/static/chunks/node_modules_next_dist_1e8vcs8._.js:776
[   82667ms] [LOG] [Fast Refresh] done in 41ms @ http://localhost:3000/_next/static/chunks/node_modules_next_dist_1e8vcs8._.js:776
[   82744ms] [LOG] [Fast Refresh] done in 41ms @ http://localhost:3000/_next/static/chunks/node_modules_next_dist_1e8vcs8._.js:776
[   82805ms] [LOG] [Fast Refresh] done in 41ms @ http://localhost:3000/_next/static/chunks/node_modules_next_dist_1e8vcs8._.js:776
[   82879ms] [LOG] [Fast Refresh] done in 41ms @ http://localhost:3000/_next/static/chunks/node_modules_next_dist_1e8vcs8._.js:776
[   82944ms] [LOG] [Fast Refresh] done in 41ms @ http://localhost:3000/_next/static/chunks/node_modules_next_dist_1e8vcs8._.js:776
[   83010ms] [LOG] [Fast Refresh] done in 41ms @ http://localhost:3000/_next/static/chunks/node_modules_next_dist_1e8vcs8._.js:776
[   83073ms] [LOG] [Fast Refresh] done in 41ms @ http://localhost:3000/_next/static/chunks/node_modules_next_dist_1e8vcs8._.js:776
[   83134ms] [LOG] [Fast Refresh] done in 41ms @ http://localhost:3000/_next/static/chunks/node_modules_next_dist_1e8vcs8._.js:776
[   83208ms] [LOG] [Fast Refresh] done in 41ms @ http://localhost:3000/_next/static/chunks/node_modules_next_dist_1e8vcs8._.js:776
[   83270ms] [LOG] [Fast Refresh] done in 41ms @ http://localhost:3000/_next/static/chunks/node_modules_next_dist_1e8vcs8._.js:776
[   83334ms] [LOG] [Fast Refresh] done in 41ms @ http://localhost:3000/_next/static/chunks/node_modules_next_dist_1e8vcs8._.js:776
[   83408ms] [LOG] [Fast Refresh] done in 41ms @ http://localhost:3000/_next/static/chunks/node_modules_next_dist_1e8vcs8._.js:776
[   83471ms] [LOG] [Fast Refresh] done in 41ms @ http://localhost:3000/_next/static/chunks/node_modules_next_dist_1e8vcs8._.js:776
[   83529ms] [LOG] [Fast Refresh] done in 41ms @ http://localhost:3000/_next/static/chunks/node_modules_next_dist_1e8vcs8._.js:776
[   83586ms] [LOG] [Fast Refresh] done in 41ms @ http://localhost:3000/_next/static/chunks/node_modules_next_dist_1e8vcs8._.js:776
[   83640ms] [LOG] [Fast Refresh] done in 41ms @ http://localhost:3000/_next/static/chunks/node_modules_next_dist_1e8vcs8._.js:776
[   83704ms] [LOG] [Fast Refresh] done in 41ms @ http://localhost:3000/_next/static/chunks/node_modules_next_dist_1e8vcs8._.js:776
[   83758ms] [LOG] [Fast Refresh] done in 41ms @ http://localhost:3000/_next/static/chunks/node_modules_next_dist_1e8vcs8._.js:776
[   83812ms] [LOG] [Fast Refresh] done in 41ms @ http://localhost:3000/_next/static/chunks/node_modules_next_dist_1e8vcs8._.js:776
[   83867ms] [LOG] [Fast Refresh] done in 41ms @ http://localhost:3000/_next/static/chunks/node_modules_next_dist_1e8vcs8._.js:776
[   83926ms] [LOG] [Fast Refresh] done in 41ms @ http://localhost:3000/_next/static/chunks/node_modules_next_dist_1e8vcs8._.js:776
[   83992ms] [LOG] [Fast Refresh] done in 41ms @ http://localhost:3000/_next/static/chunks/node_modules_next_dist_1e8vcs8._.js:776
[   84050ms] [LOG] [Fast Refresh] done in 41ms @ http://localhost:3000/_next/static/chunks/node_modules_next_dist_1e8vcs8._.js:776
[   84127ms] [LOG] [Fast Refresh] done in 41ms @ http://localhost:3000/_next/static/chunks/node_modules_next_dist_1e8vcs8._.js:776
[   84200ms] [LOG] [Fast Refresh] done in 41ms @ http://localhost:3000/_next/static/chunks/node_modules_next_dist_1e8vcs8._.js:776
[   84268ms] [LOG] [Fast Refresh] done in 41ms @ http://localhost:3000/_next/static/chunks/node_modules_next_dist_1e8vcs8._.js:776
[   84344ms] [LOG] [Fast Refresh] done in 41ms @ http://localhost:3000/_next/static/chunks/node_modules_next_dist_1e8vcs8._.js:776
[   84408ms] [LOG] [Fast Refresh] done in 41ms @ http://localhost:3000/_next/static/chunks/node_modules_next_dist_1e8vcs8._.js:776
[   84474ms] [LOG] [Fast Refresh] done in 41ms @ http://localhost:3000/_next/static/chunks/node_modules_next_dist_1e8vcs8._.js:776
[   84525ms] [LOG] [Fast Refresh] done in 41ms @ http://localhost:3000/_next/static/chunks/node_modules_next_dist_1e8vcs8._.js:776
[   84591ms] [LOG] [Fast Refresh] done in 41ms @ http://localhost:3000/_next/static/chunks/node_modules_next_dist_1e8vcs8._.js:776
[   84659ms] [LOG] [Fast Refresh] done in 41ms @ http://localhost:3000/_next/static/chunks/node_modules_next_dist_1e8vcs8._.js:776
[   84726ms] [LOG] [Fast Refresh] done in 41ms @ http://localhost:3000/_next/static/chunks/node_modules_next_dist_1e8vcs8._.js:776
[   84807ms] [LOG] [Fast Refresh] done in 41ms @ http://localhost:3000/_next/static/chunks/node_modules_next_dist_1e8vcs8._.js:776
[   84864ms] [LOG] [Fast Refresh] done in 41ms @ http://localhost:3000/_next/static/chunks/node_modules_next_dist_1e8vcs8._.js:776
[   84929ms] [LOG] [Fast Refresh] done in 41ms @ http://localhost:3000/_next/static/chunks/node_modules_next_dist_1e8vcs8._.js:776
[   84989ms] [LOG] [Fast Refresh] done in 41ms @ http://localhost:3000/_next/static/chunks/node_modules_next_dist_1e8vcs8._.js:776
[   85053ms] [LOG] [Fast Refresh] done in 41ms @ http://localhost:3000/_next/static/chunks/node_modules_next_dist_1e8vcs8._.js:776
[   85107ms] [LOG] [Fast Refresh] done in 41ms @ http://localhost:3000/_next/static/chunks/node_modules_next_dist_1e8vcs8._.js:776
[   85171ms] [LOG] [Fast Refresh] done in 41ms @ http://localhost:3000/_next/static/chunks/node_modules_next_dist_1e8vcs8._.js:776
[   85236ms] [LOG] [Fast Refresh] done in 41ms @ http://localhost:3000/_next/static/chunks/node_modules_next_dist_1e8vcs8._.js:776
[   85291ms] [LOG] [Fast Refresh] done in 41ms @ http://localhost:3000/_next/static/chunks/node_modules_next_dist_1e8vcs8._.js:776
[   85357ms] [LOG] [Fast Refresh] done in 41ms @ http://localhost:3000/_next/static/chunks/node_modules_next_dist_1e8vcs8._.js:776
[   85417ms] [LOG] [Fast Refresh] done in 41ms @ http://localhost:3000/_next/static/chunks/node_modules_next_dist_1e8vcs8._.js:776
[   85490ms] [LOG] [Fast Refresh] done in 41ms @ http://localhost:3000/_next/static/chunks/node_modules_next_dist_1e8vcs8._.js:776
[   85552ms] [LOG] [Fast Refresh] done in 41ms @ http://localhost:3000/_next/static/chunks/node_modules_next_dist_1e8vcs8._.js:776
[   85618ms] [LOG] [Fast Refresh] done in 41ms @ http://localhost:3000/_next/static/chunks/node_modules_next_dist_1e8vcs8._.js:776
[   85675ms] [LOG] [Fast Refresh] done in 41ms @ http://localhost:3000/_next/static/chunks/node_modules_next_dist_1e8vcs8._.js:776
[   85736ms] [LOG] [Fast Refresh] done in 41ms @ http://localhost:3000/_next/static/chunks/node_modules_next_dist_1e8vcs8._.js:776
[   85801ms] [LOG] [Fast Refresh] done in 41ms @ http://localhost:3000/_next/static/chunks/node_modules_next_dist_1e8vcs8._.js:776
[   85877ms] [LOG] [Fast Refresh] done in 41ms @ http://localhost:3000/_next/static/chunks/node_modules_next_dist_1e8vcs8._.js:776
[   85925ms] [LOG] [Fast Refresh] done in 41ms @ http://localhost:3000/_next/static/chunks/node_modules_next_dist_1e8vcs8._.js:776
[   85981ms] [LOG] [Fast Refresh] done in 41ms @ http://localhost:3000/_next/static/chunks/node_modules_next_dist_1e8vcs8._.js:776
[   86027ms] [LOG] [Fast Refresh] done in 41ms @ http://localhost:3000/_next/static/chunks/node_modules_next_dist_1e8vcs8._.js:776
[   86075ms] [LOG] [Fast Refresh] done in 41ms @ http://localhost:3000/_next/static/chunks/node_modules_next_dist_1e8vcs8._.js:776
[   86128ms] [LOG] [Fast Refresh] done in 41ms @ http://localhost:3000/_next/static/chunks/node_modules_next_dist_1e8vcs8._.js:776
[   86178ms] [LOG] [Fast Refresh] done in 41ms @ http://localhost:3000/_next/static/chunks/node_modules_next_dist_1e8vcs8._.js:776
[   86242ms] [LOG] [Fast Refresh] done in 41ms @ http://localhost:3000/_next/static/chunks/node_modules_next_dist_1e8vcs8._.js:776
[   86294ms] [LOG] [Fast Refresh] done in 41ms @ http://localhost:3000/_next/static/chunks/node_modules_next_dist_1e8vcs8._.js:776
[   86355ms] [LOG] [Fast Refresh] done in 41ms @ http://localhost:3000/_next/static/chunks/node_modules_next_dist_1e8vcs8._.js:776
[   86407ms] [LOG] [Fast Refresh] done in 41ms @ http://localhost:3000/_next/static/chunks/node_modules_next_dist_1e8vcs8._.js:776
[   86471ms] [LOG] [Fast Refresh] done in 41ms @ http://localhost:3000/_next/static/chunks/node_modules_next_dist_1e8vcs8._.js:776
[   86535ms] [LOG] [Fast Refresh] done in 41ms @ http://localhost:3000/_next/static/chunks/node_modules_next_dist_1e8vcs8._.js:776
[   86592ms] [LOG] [Fast Refresh] done in 41ms @ http://localhost:3000/_next/static/chunks/node_modules_next_dist_1e8vcs8._.js:776
[   86656ms] [LOG] [Fast Refresh] done in 41ms @ http://localhost:3000/_next/static/chunks/node_modules_next_dist_1e8vcs8._.js:776
[   86719ms] [LOG] [Fast Refresh] done in 41ms @ http://localhost:3000/_next/static/chunks/node_modules_next_dist_1e8vcs8._.js:776
[   86776ms] [LOG] [Fast Refresh] done in 41ms @ http://localhost:3000/_next/static/chunks/node_modules_next_dist_1e8vcs8._.js:776
[   86839ms] [LOG] [Fast Refresh] done in 41ms @ http://localhost:3000/_next/static/chunks/node_modules_next_dist_1e8vcs8._.js:776
[   86896ms] [LOG] [Fast Refresh] done in 41ms @ http://localhost:3000/_next/static/chunks/node_modules_next_dist_1e8vcs8._.js:776
[   86957ms] [LOG] [Fast Refresh] done in 41ms @ http://localhost:3000/_next/static/chunks/node_modules_next_dist_1e8vcs8._.js:776
[   87019ms] [LOG] [Fast Refresh] done in 41ms @ http://localhost:3000/_next/static/chunks/node_modules_next_dist_1e8vcs8._.js:776
[   87076ms] [LOG] [Fast Refresh] done in 41ms @ http://localhost:3000/_next/static/chunks/node_modules_next_dist_1e8vcs8._.js:776
[   87138ms] [LOG] [Fast Refresh] done in 41ms @ http://localhost:3000/_next/static/chunks/node_modules_next_dist_1e8vcs8._.js:776
[   87201ms] [LOG] [Fast Refresh] done in 41ms @ http://localhost:3000/_next/static/chunks/node_modules_next_dist_1e8vcs8._.js:776
[   87263ms] [LOG] [Fast Refresh] done in 41ms @ http://localhost:3000/_next/static/chunks/node_modules_next_dist_1e8vcs8._.js:776
[   87329ms] [LOG] [Fast Refresh] done in 41ms @ http://localhost:3000/_next/static/chunks/node_modules_next_dist_1e8vcs8._.js:776
[   87388ms] [LOG] [Fast Refresh] done in 41ms @ http://localhost:3000/_next/static/chunks/node_modules_next_dist_1e8vcs8._.js:776
[   87451ms] [LOG] [Fast Refresh] done in 41ms @ http://localhost:3000/_next/static/chunks/node_modules_next_dist_1e8vcs8._.js:776
[   87508ms] [LOG] [Fast Refresh] done in 41ms @ http://localhost:3000/_next/static/chunks/node_modules_next_dist_1e8vcs8._.js:776
[   87572ms] [LOG] [Fast Refresh] done in 41ms @ http://localhost:3000/_next/static/chunks/node_modules_next_dist_1e8vcs8._.js:776
[   87636ms] [LOG] [Fast Refresh] done in 41ms @ http://localhost:3000/_next/static/chunks/node_modules_next_dist_1e8vcs8._.js:776
[   87701ms] [LOG] [Fast Refresh] done in 41ms @ http://localhost:3000/_next/static/chunks/node_modules_next_dist_1e8vcs8._.js:776
[   87771ms] [LOG] [Fast Refresh] done in 41ms @ http://localhost:3000/_next/static/chunks/node_modules_next_dist_1e8vcs8._.js:776
[   87835ms] [LOG] [Fast Refresh] done in 41ms @ http://localhost:3000/_next/static/chunks/node_modules_next_dist_1e8vcs8._.js:776
[   87896ms] [LOG] [Fast Refresh] done in 41ms @ http://localhost:3000/_next/static/chunks/node_modules_next_dist_1e8vcs8._.js:776
[   87938ms] [LOG] [Fast Refresh] done in 41ms @ http://localhost:3000/_next/static/chunks/node_modules_next_dist_1e8vcs8._.js:776
[   88035ms] [LOG] [Fast Refresh] done in 41ms @ http://localhost:3000/_next/static/chunks/node_modules_next_dist_1e8vcs8._.js:776
[   88087ms] [LOG] [Fast Refresh] done in 41ms @ http://localhost:3000/_next/static/chunks/node_modules_next_dist_1e8vcs8._.js:776
[   88151ms] [LOG] [Fast Refresh] done in 41ms @ http://localhost:3000/_next/static/chunks/node_modules_next_dist_1e8vcs8._.js:776
[   88209ms] [LOG] [Fast Refresh] done in 41ms @ http://localhost:3000/_next/static/chunks/node_modules_next_dist_1e8vcs8._.js:776
[   88271ms] [LOG] [Fast Refresh] done in 41ms @ http://localhost:3000/_next/static/chunks/node_modules_next_dist_1e8vcs8._.js:776
[   88323ms] [LOG] [Fast Refresh] done in 41ms @ http://localhost:3000/_next/static/chunks/node_modules_next_dist_1e8vcs8._.js:776
[   88385ms] [LOG] [Fast Refresh] done in 41ms @ http://localhost:3000/_next/static/chunks/node_modules_next_dist_1e8vcs8._.js:776
[   88441ms] [LOG] [Fast Refresh] done in 41ms @ http://localhost:3000/_next/static/chunks/node_modules_next_dist_1e8vcs8._.js:776
[   88504ms] [LOG] [Fast Refresh] done in 41ms @ http://localhost:3000/_next/static/chunks/node_modules_next_dist_1e8vcs8._.js:776
[   88569ms] [LOG] [Fast Refresh] done in 41ms @ http://localhost:3000/_next/static/chunks/node_modules_next_dist_1e8vcs8._.js:776
[   88633ms] [LOG] [Fast Refresh] done in 41ms @ http://localhost:3000/_next/static/chunks/node_modules_next_dist_1e8vcs8._.js:776
[   88690ms] [LOG] [Fast Refresh] done in 41ms @ http://localhost:3000/_next/static/chunks/node_modules_next_dist_1e8vcs8._.js:776
[   88752ms] [LOG] [Fast Refresh] done in 41ms @ http://localhost:3000/_next/static/chunks/node_modules_next_dist_1e8vcs8._.js:776
[   88809ms] [LOG] [Fast Refresh] done in 41ms @ http://localhost:3000/_next/static/chunks/node_modules_next_dist_1e8vcs8._.js:776
[   88866ms] [LOG] [Fast Refresh] done in 41ms @ http://localhost:3000/_next/static/chunks/node_modules_next_dist_1e8vcs8._.js:776
[   88921ms] [LOG] [Fast Refresh] done in 41ms @ http://localhost:3000/_next/static/chunks/node_modules_next_dist_1e8vcs8._.js:776
[   88976ms] [LOG] [Fast Refresh] done in 41ms @ http://localhost:3000/_next/static/chunks/node_modules_next_dist_1e8vcs8._.js:776
[   89030ms] [LOG] [Fast Refresh] done in 41ms @ http://localhost:3000/_next/static/chunks/node_modules_next_dist_1e8vcs8._.js:776
[   89083ms] [LOG] [Fast Refresh] done in 41ms @ http://localhost:3000/_next/static/chunks/node_modules_next_dist_1e8vcs8._.js:776
[   89139ms] [LOG] [Fast Refresh] done in 41ms @ http://localhost:3000/_next/static/chunks/node_modules_next_dist_1e8vcs8._.js:776
[   89190ms] [LOG] [Fast Refresh] done in 41ms @ http://localhost:3000/_next/static/chunks/node_modules_next_dist_1e8vcs8._.js:776
[   89257ms] [LOG] [Fast Refresh] done in 41ms @ http://localhost:3000/_next/static/chunks/node_modules_next_dist_1e8vcs8._.js:776
[   89319ms] [LOG] [Fast Refresh] done in 41ms @ http://localhost:3000/_next/static/chunks/node_modules_next_dist_1e8vcs8._.js:776
[   89371ms] [LOG] [Fast Refresh] done in 41ms @ http://localhost:3000/_next/static/chunks/node_modules_next_dist_1e8vcs8._.js:776
[   89434ms] [LOG] [Fast Refresh] done in 41ms @ http://localhost:3000/_next/static/chunks/node_modules_next_dist_1e8vcs8._.js:776
[   89490ms] [LOG] [Fast Refresh] done in 41ms @ http://localhost:3000/_next/static/chunks/node_modules_next_dist_1e8vcs8._.js:776
[   89553ms] [LOG] [Fast Refresh] done in 41ms @ http://localhost:3000/_next/static/chunks/node_modules_next_dist_1e8vcs8._.js:776
[   89608ms] [LOG] [Fast Refresh] done in 41ms @ http://localhost:3000/_next/static/chunks/node_modules_next_dist_1e8vcs8._.js:776
[   89672ms] [LOG] [Fast Refresh] done in 41ms @ http://localhost:3000/_next/static/chunks/node_modules_next_dist_1e8vcs8._.js:776
[   89735ms] [LOG] [Fast Refresh] done in 41ms @ http://localhost:3000/_next/static/chunks/node_modules_next_dist_1e8vcs8._.js:776
[   89792ms] [LOG] [Fast Refresh] done in 41ms @ http://localhost:3000/_next/static/chunks/node_modules_next_dist_1e8vcs8._.js:776
[   89846ms] [LOG] [Fast Refresh] done in 41ms @ http://localhost:3000/_next/static/chunks/node_modules_next_dist_1e8vcs8._.js:776
[   89903ms] [LOG] [Fast Refresh] done in 41ms @ http://localhost:3000/_next/static/chunks/node_modules_next_dist_1e8vcs8._.js:776
[   89966ms] [LOG] [Fast Refresh] done in 41ms @ http://localhost:3000/_next/static/chunks/node_modules_next_dist_1e8vcs8._.js:776
[   90030ms] [LOG] [Fast Refresh] done in 41ms @ http://localhost:3000/_next/static/chunks/node_modules_next_dist_1e8vcs8._.js:776
[   90094ms] [LOG] [Fast Refresh] done in 41ms @ http://localhost:3000/_next/static/chunks/node_modules_next_dist_1e8vcs8._.js:776
[   90157ms] [LOG] [Fast Refresh] done in 41ms @ http://localhost:3000/_next/static/chunks/node_modules_next_dist_1e8vcs8._.js:776
[   90221ms] [LOG] [Fast Refresh] done in 41ms @ http://localhost:3000/_next/static/chunks/node_modules_next_dist_1e8vcs8._.js:776
[   90285ms] [LOG] [Fast Refresh] done in 41ms @ http://localhost:3000/_next/static/chunks/node_modules_next_dist_1e8vcs8._.js:776
[   90340ms] [LOG] [Fast Refresh] done in 41ms @ http://localhost:3000/_next/static/chunks/node_modules_next_dist_1e8vcs8._.js:776
[   90390ms] [LOG] [Fast Refresh] done in 41ms @ http://localhost:3000/_next/static/chunks/node_modules_next_dist_1e8vcs8._.js:776
[   90452ms] [LOG] [Fast Refresh] done in 41ms @ http://localhost:3000/_next/static/chunks/node_modules_next_dist_1e8vcs8._.js:776
[   90517ms] [LOG] [Fast Refresh] done in 41ms @ http://localhost:3000/_next/static/chunks/node_modules_next_dist_1e8vcs8._.js:776
[   90579ms] [LOG] [Fast Refresh] done in 41ms @ http://localhost:3000/_next/static/chunks/node_modules_next_dist_1e8vcs8._.js:776
[   90642ms] [LOG] [Fast Refresh] done in 41ms @ http://localhost:3000/_next/static/chunks/node_modules_next_dist_1e8vcs8._.js:776
[   90707ms] [LOG] [Fast Refresh] done in 41ms @ http://localhost:3000/_next/static/chunks/node_modules_next_dist_1e8vcs8._.js:776
[   90770ms] [LOG] [Fast Refresh] done in 41ms @ http://localhost:3000/_next/static/chunks/node_modules_next_dist_1e8vcs8._.js:776
[   90826ms] [LOG] [Fast Refresh] done in 41ms @ http://localhost:3000/_next/static/chunks/node_modules_next_dist_1e8vcs8._.js:776
[   90883ms] [LOG] [Fast Refresh] done in 41ms @ http://localhost:3000/_next/static/chunks/node_modules_next_dist_1e8vcs8._.js:776
[   90940ms] [LOG] [Fast Refresh] done in 41ms @ http://localhost:3000/_next/static/chunks/node_modules_next_dist_1e8vcs8._.js:776
[   90982ms] [LOG] [Fast Refresh] done in 41ms @ http://localhost:3000/_next/static/chunks/node_modules_next_dist_1e8vcs8._.js:776
[   91031ms] [LOG] [Fast Refresh] done in 41ms @ http://localhost:3000/_next/static/chunks/node_modules_next_dist_1e8vcs8._.js:776
[   91095ms] [LOG] [Fast Refresh] done in 41ms @ http://localhost:3000/_next/static/chunks/node_modules_next_dist_1e8vcs8._.js:776
[   91147ms] [LOG] [Fast Refresh] done in 41ms @ http://localhost:3000/_next/static/chunks/node_modules_next_dist_1e8vcs8._.js:776
[   91203ms] [LOG] [Fast Refresh] done in 41ms @ http://localhost:3000/_next/static/chunks/node_modules_next_dist_1e8vcs8._.js:776
[   91266ms] [LOG] [Fast Refresh] done in 41ms @ http://localhost:3000/_next/static/chunks/node_modules_next_dist_1e8vcs8._.js:776
[   91318ms] [LOG] [Fast Refresh] done in 41ms @ http://localhost:3000/_next/static/chunks/node_modules_next_dist_1e8vcs8._.js:776
[   91365ms] [LOG] [Fast Refresh] done in 41ms @ http://localhost:3000/_next/static/chunks/node_modules_next_dist_1e8vcs8._.js:776
[   91421ms] [LOG] [Fast Refresh] done in 41ms @ http://localhost:3000/_next/static/chunks/node_modules_next_dist_1e8vcs8._.js:776
[   91465ms] [LOG] [Fast Refresh] done in 41ms @ http://localhost:3000/_next/static/chunks/node_modules_next_dist_1e8vcs8._.js:776
[   91536ms] [LOG] [Fast Refresh] done in 41ms @ http://localhost:3000/_next/static/chunks/node_modules_next_dist_1e8vcs8._.js:776
[   91589ms] [LOG] [Fast Refresh] done in 41ms @ http://localhost:3000/_next/static/chunks/node_modules_next_dist_1e8vcs8._.js:776
[   91653ms] [LOG] [Fast Refresh] done in 41ms @ http://localhost:3000/_next/static/chunks/node_modules_next_dist_1e8vcs8._.js:776
[   91702ms] [LOG] [Fast Refresh] done in 41ms @ http://localhost:3000/_next/static/chunks/node_modules_next_dist_1e8vcs8._.js:776
[   91764ms] [LOG] [Fast Refresh] done in 41ms @ http://localhost:3000/_next/static/chunks/node_modules_next_dist_1e8vcs8._.js:776
[   91849ms] [LOG] [Fast Refresh] done in 41ms @ http://localhost:3000/_next/static/chunks/node_modules_next_dist_1e8vcs8._.js:776
[   91926ms] [LOG] [Fast Refresh] done in 41ms @ http://localhost:3000/_next/static/chunks/node_modules_next_dist_1e8vcs8._.js:776
[   91989ms] [LOG] [Fast Refresh] done in 41ms @ http://localhost:3000/_next/static/chunks/node_modules_next_dist_1e8vcs8._.js:776
[   92051ms] [LOG] [Fast Refresh] done in 41ms @ http://localhost:3000/_next/static/chunks/node_modules_next_dist_1e8vcs8._.js:776
[   92127ms] [LOG] [Fast Refresh] done in 41ms @ http://localhost:3000/_next/static/chunks/node_modules_next_dist_1e8vcs8._.js:776
[   92185ms] [LOG] [Fast Refresh] done in 41ms @ http://localhost:3000/_next/static/chunks/node_modules_next_dist_1e8vcs8._.js:776
[   92250ms] [LOG] [Fast Refresh] done in 41ms @ http://localhost:3000/_next/static/chunks/node_modules_next_dist_1e8vcs8._.js:776
[   92307ms] [LOG] [Fast Refresh] done in 41ms @ http://localhost:3000/_next/static/chunks/node_modules_next_dist_1e8vcs8._.js:776
[   92363ms] [LOG] [Fast Refresh] done in 41ms @ http://localhost:3000/_next/static/chunks/node_modules_next_dist_1e8vcs8._.js:776
[   92420ms] [LOG] [Fast Refresh] done in 41ms @ http://localhost:3000/_next/static/chunks/node_modules_next_dist_1e8vcs8._.js:776
[   92483ms] [LOG] [Fast Refresh] done in 41ms @ http://localhost:3000/_next/static/chunks/node_modules_next_dist_1e8vcs8._.js:776
[   92539ms] [LOG] [Fast Refresh] done in 41ms @ http://localhost:3000/_next/static/chunks/node_modules_next_dist_1e8vcs8._.js:776
[   92603ms] [LOG] [Fast Refresh] done in 41ms @ http://localhost:3000/_next/static/chunks/node_modules_next_dist_1e8vcs8._.js:776
[   92667ms] [LOG] [Fast Refresh] done in 41ms @ http://localhost:3000/_next/static/chunks/node_modules_next_dist_1e8vcs8._.js:776
[   92723ms] [LOG] [Fast Refresh] done in 41ms @ http://localhost:3000/_next/static/chunks/node_modules_next_dist_1e8vcs8._.js:776
[   92788ms] [LOG] [Fast Refresh] done in 41ms @ http://localhost:3000/_next/static/chunks/node_modules_next_dist_1e8vcs8._.js:776
[   92853ms] [LOG] [Fast Refresh] done in 41ms @ http://localhost:3000/_next/static/chunks/node_modules_next_dist_1e8vcs8._.js:776
[   92918ms] [LOG] [Fast Refresh] done in 41ms @ http://localhost:3000/_next/static/chunks/node_modules_next_dist_1e8vcs8._.js:776
[   92974ms] [LOG] [Fast Refresh] done in 41ms @ http://localhost:3000/_next/static/chunks/node_modules_next_dist_1e8vcs8._.js:776
[   93037ms] [LOG] [Fast Refresh] done in 41ms @ http://localhost:3000/_next/static/chunks/node_modules_next_dist_1e8vcs8._.js:776
[   93101ms] [LOG] [Fast Refresh] done in 41ms @ http://localhost:3000/_next/static/chunks/node_modules_next_dist_1e8vcs8._.js:776
[   93158ms] [LOG] [Fast Refresh] done in 41ms @ http://localhost:3000/_next/static/chunks/node_modules_next_dist_1e8vcs8._.js:776
[   93221ms] [LOG] [Fast Refresh] done in 41ms @ http://localhost:3000/_next/static/chunks/node_modules_next_dist_1e8vcs8._.js:776
[   93284ms] [LOG] [Fast Refresh] done in 41ms @ http://localhost:3000/_next/static/chunks/node_modules_next_dist_1e8vcs8._.js:776
[   93351ms] [LOG] [Fast Refresh] done in 41ms @ http://localhost:3000/_next/static/chunks/node_modules_next_dist_1e8vcs8._.js:776
[   93423ms] [LOG] [Fast Refresh] done in 41ms @ http://localhost:3000/_next/static/chunks/node_modules_next_dist_1e8vcs8._.js:776
[   93486ms] [LOG] [Fast Refresh] done in 41ms @ http://localhost:3000/_next/static/chunks/node_modules_next_dist_1e8vcs8._.js:776
[   93541ms] [LOG] [Fast Refresh] done in 41ms @ http://localhost:3000/_next/static/chunks/node_modules_next_dist_1e8vcs8._.js:776
[   93605ms] [LOG] [Fast Refresh] done in 41ms @ http://localhost:3000/_next/static/chunks/node_modules_next_dist_1e8vcs8._.js:776
[   93686ms] [LOG] [Fast Refresh] done in 41ms @ http://localhost:3000/_next/static/chunks/node_modules_next_dist_1e8vcs8._.js:776
[   93740ms] [LOG] [Fast Refresh] done in 41ms @ http://localhost:3000/_next/static/chunks/node_modules_next_dist_1e8vcs8._.js:776
[   93805ms] [LOG] [Fast Refresh] done in 41ms @ http://localhost:3000/_next/static/chunks/node_modules_next_dist_1e8vcs8._.js:776
[   93876ms] [LOG] [Fast Refresh] done in 41ms @ http://localhost:3000/_next/static/chunks/node_modules_next_dist_1e8vcs8._.js:776
[   93941ms] [LOG] [Fast Refresh] done in 41ms @ http://localhost:3000/_next/static/chunks/node_modules_next_dist_1e8vcs8._.js:776
[   94005ms] [LOG] [Fast Refresh] done in 41ms @ http://localhost:3000/_next/static/chunks/node_modules_next_dist_1e8vcs8._.js:776
[   94069ms] [LOG] [Fast Refresh] done in 41ms @ http://localhost:3000/_next/static/chunks/node_modules_next_dist_1e8vcs8._.js:776
[   94128ms] [LOG] [Fast Refresh] done in 41ms @ http://localhost:3000/_next/static/chunks/node_modules_next_dist_1e8vcs8._.js:776
[   94186ms] [LOG] [Fast Refresh] done in 41ms @ http://localhost:3000/_next/static/chunks/node_modules_next_dist_1e8vcs8._.js:776
[   94251ms] [LOG] [Fast Refresh] done in 41ms @ http://localhost:3000/_next/static/chunks/node_modules_next_dist_1e8vcs8._.js:776
[   94317ms] [LOG] [Fast Refresh] done in 41ms @ http://localhost:3000/_next/static/chunks/node_modules_next_dist_1e8vcs8._.js:776
[   94374ms] [LOG] [Fast Refresh] done in 41ms @ http://localhost:3000/_next/static/chunks/node_modules_next_dist_1e8vcs8._.js:776
[   94437ms] [LOG] [Fast Refresh] done in 41ms @ http://localhost:3000/_next/static/chunks/node_modules_next_dist_1e8vcs8._.js:776
[   94503ms] [LOG] [Fast Refresh] done in 41ms @ http://localhost:3000/_next/static/chunks/node_modules_next_dist_1e8vcs8._.js:776
[   94565ms] [LOG] [Fast Refresh] done in 41ms @ http://localhost:3000/_next/static/chunks/node_modules_next_dist_1e8vcs8._.js:776
[   94620ms] [LOG] [Fast Refresh] done in 41ms @ http://localhost:3000/_next/static/chunks/node_modules_next_dist_1e8vcs8._.js:776
[   94685ms] [LOG] [Fast Refresh] done in 41ms @ http://localhost:3000/_next/static/chunks/node_modules_next_dist_1e8vcs8._.js:776
[   94750ms] [LOG] [Fast Refresh] done in 41ms @ http://localhost:3000/_next/static/chunks/node_modules_next_dist_1e8vcs8._.js:776
[   94806ms] [LOG] [Fast Refresh] done in 41ms @ http://localhost:3000/_next/static/chunks/node_modules_next_dist_1e8vcs8._.js:776
[   94861ms] [LOG] [Fast Refresh] done in 41ms @ http://localhost:3000/_next/static/chunks/node_modules_next_dist_1e8vcs8._.js:776
[   94917ms] [LOG] [Fast Refresh] done in 41ms @ http://localhost:3000/_next/static/chunks/node_modules_next_dist_1e8vcs8._.js:776
[   94973ms] [LOG] [Fast Refresh] done in 41ms @ http://localhost:3000/_next/static/chunks/node_modules_next_dist_1e8vcs8._.js:776
[   95037ms] [LOG] [Fast Refresh] done in 41ms @ http://localhost:3000/_next/static/chunks/node_modules_next_dist_1e8vcs8._.js:776
[   95100ms] [LOG] [Fast Refresh] done in 41ms @ http://localhost:3000/_next/static/chunks/node_modules_next_dist_1e8vcs8._.js:776
[   95158ms] [LOG] [Fast Refresh] done in 41ms @ http://localhost:3000/_next/static/chunks/node_modules_next_dist_1e8vcs8._.js:776
[   95220ms] [LOG] [Fast Refresh] done in 41ms @ http://localhost:3000/_next/static/chunks/node_modules_next_dist_1e8vcs8._.js:776
[   95285ms] [LOG] [Fast Refresh] done in 41ms @ http://localhost:3000/_next/static/chunks/node_modules_next_dist_1e8vcs8._.js:776
[   95342ms] [LOG] [Fast Refresh] done in 41ms @ http://localhost:3000/_next/static/chunks/node_modules_next_dist_1e8vcs8._.js:776
[   95396ms] [LOG] [Fast Refresh] done in 41ms @ http://localhost:3000/_next/static/chunks/node_modules_next_dist_1e8vcs8._.js:776
[   95454ms] [LOG] [Fast Refresh] done in 41ms @ http://localhost:3000/_next/static/chunks/node_modules_next_dist_1e8vcs8._.js:776
[   95520ms] [LOG] [Fast Refresh] done in 41ms @ http://localhost:3000/_next/static/chunks/node_modules_next_dist_1e8vcs8._.js:776
[   95569ms] [LOG] [Fast Refresh] done in 41ms @ http://localhost:3000/_next/static/chunks/node_modules_next_dist_1e8vcs8._.js:776
[   95622ms] [LOG] [Fast Refresh] done in 41ms @ http://localhost:3000/_next/static/chunks/node_modules_next_dist_1e8vcs8._.js:776
[   95687ms] [LOG] [Fast Refresh] done in 41ms @ http://localhost:3000/_next/static/chunks/node_modules_next_dist_1e8vcs8._.js:776
[   95754ms] [LOG] [Fast Refresh] done in 41ms @ http://localhost:3000/_next/static/chunks/node_modules_next_dist_1e8vcs8._.js:776
[   95815ms] [LOG] [Fast Refresh] done in 41ms @ http://localhost:3000/_next/static/chunks/node_modules_next_dist_1e8vcs8._.js:776
[   95883ms] [LOG] [Fast Refresh] done in 41ms @ http://localhost:3000/_next/static/chunks/node_modules_next_dist_1e8vcs8._.js:776
[   95936ms] [LOG] [Fast Refresh] done in 41ms @ http://localhost:3000/_next/static/chunks/node_modules_next_dist_1e8vcs8._.js:776
[   96000ms] [LOG] [Fast Refresh] done in 41ms @ http://localhost:3000/_next/static/chunks/node_modules_next_dist_1e8vcs8._.js:776
[   96056ms] [LOG] [Fast Refresh] done in 41ms @ http://localhost:3000/_next/static/chunks/node_modules_next_dist_1e8vcs8._.js:776
[   96119ms] [LOG] [Fast Refresh] done in 41ms @ http://localhost:3000/_next/static/chunks/node_modules_next_dist_1e8vcs8._.js:776
[   96183ms] [LOG] [Fast Refresh] done in 41ms @ http://localhost:3000/_next/static/chunks/node_modules_next_dist_1e8vcs8._.js:776
[   96241ms] [LOG] [Fast Refresh] done in 41ms @ http://localhost:3000/_next/static/chunks/node_modules_next_dist_1e8vcs8._.js:776
[   96302ms] [LOG] [Fast Refresh] done in 41ms @ http://localhost:3000/_next/static/chunks/node_modules_next_dist_1e8vcs8._.js:776
[   96366ms] [LOG] [Fast Refresh] done in 41ms @ http://localhost:3000/_next/static/chunks/node_modules_next_dist_1e8vcs8._.js:776
[   96437ms] [LOG] [Fast Refresh] done in 41ms @ http://localhost:3000/_next/static/chunks/node_modules_next_dist_1e8vcs8._.js:776
[   96500ms] [LOG] [Fast Refresh] done in 41ms @ http://localhost:3000/_next/static/chunks/node_modules_next_dist_1e8vcs8._.js:776
[   96566ms] [LOG] [Fast Refresh] done in 41ms @ http://localhost:3000/_next/static/chunks/node_modules_next_dist_1e8vcs8._.js:776
[   96624ms] [LOG] [Fast Refresh] done in 41ms @ http://localhost:3000/_next/static/chunks/node_modules_next_dist_1e8vcs8._.js:776
[   96702ms] [LOG] [Fast Refresh] done in 41ms @ http://localhost:3000/_next/static/chunks/node_modules_next_dist_1e8vcs8._.js:776
[   96757ms] [LOG] [Fast Refresh] done in 41ms @ http://localhost:3000/_next/static/chunks/node_modules_next_dist_1e8vcs8._.js:776
[   96822ms] [LOG] [Fast Refresh] done in 41ms @ http://localhost:3000/_next/static/chunks/node_modules_next_dist_1e8vcs8._.js:776
[   96929ms] [LOG] [Fast Refresh] done in 41ms @ http://localhost:3000/_next/static/chunks/node_modules_next_dist_1e8vcs8._.js:776
[   97007ms] [LOG] [Fast Refresh] done in 41ms @ http://localhost:3000/_next/static/chunks/node_modules_next_dist_1e8vcs8._.js:776
[   97130ms] [LOG] [Fast Refresh] done in 41ms @ http://localhost:3000/_next/static/chunks/node_modules_next_dist_1e8vcs8._.js:776
[   97298ms] [LOG] [Fast Refresh] done in 41ms @ http://localhost:3000/_next/static/chunks/node_modules_next_dist_1e8vcs8._.js:776
[   97466ms] [LOG] [Fast Refresh] done in 41ms @ http://localhost:3000/_next/static/chunks/node_modules_next_dist_1e8vcs8._.js:776
[   97626ms] [LOG] [Fast Refresh] done in 41ms @ http://localhost:3000/_next/static/chunks/node_modules_next_dist_1e8vcs8._.js:776
[   97713ms] [LOG] [Fast Refresh] done in 41ms @ http://localhost:3000/_next/static/chunks/node_modules_next_dist_1e8vcs8._.js:776
[   97794ms] [LOG] [Fast Refresh] done in 41ms @ http://localhost:3000/_next/static/chunks/node_modules_next_dist_1e8vcs8._.js:776
[   97883ms] [LOG] [Fast Refresh] done in 41ms @ http://localhost:3000/_next/static/chunks/node_modules_next_dist_1e8vcs8._.js:776
[   97939ms] [LOG] [Fast Refresh] done in 41ms @ http://localhost:3000/_next/static/chunks/node_modules_next_dist_1e8vcs8._.js:776
[   97992ms] [LOG] [Fast Refresh] done in 41ms @ http://localhost:3000/_next/static/chunks/node_modules_next_dist_1e8vcs8._.js:776
[   98057ms] [LOG] [Fast Refresh] done in 41ms @ http://localhost:3000/_next/static/chunks/node_modules_next_dist_1e8vcs8._.js:776
[   98106ms] [LOG] [Fast Refresh] done in 41ms @ http://localhost:3000/_next/static/chunks/node_modules_next_dist_1e8vcs8._.js:776
[   98165ms] [LOG] [Fast Refresh] done in 41ms @ http://localhost:3000/_next/static/chunks/node_modules_next_dist_1e8vcs8._.js:776
[   98223ms] [LOG] [Fast Refresh] done in 41ms @ http://localhost:3000/_next/static/chunks/node_modules_next_dist_1e8vcs8._.js:776
[   98286ms] [LOG] [Fast Refresh] done in 41ms @ http://localhost:3000/_next/static/chunks/node_modules_next_dist_1e8vcs8._.js:776
[   98338ms] [LOG] [Fast Refresh] done in 41ms @ http://localhost:3000/_next/static/chunks/node_modules_next_dist_1e8vcs8._.js:776
[   98392ms] [LOG] [Fast Refresh] done in 41ms @ http://localhost:3000/_next/static/chunks/node_modules_next_dist_1e8vcs8._.js:776
[   98455ms] [LOG] [Fast Refresh] done in 41ms @ http://localhost:3000/_next/static/chunks/node_modules_next_dist_1e8vcs8._.js:776
[   98506ms] [LOG] [Fast Refresh] done in 41ms @ http://localhost:3000/_next/static/chunks/node_modules_next_dist_1e8vcs8._.js:776
[   98562ms] [LOG] [Fast Refresh] done in 41ms @ http://localhost:3000/_next/static/chunks/node_modules_next_dist_1e8vcs8._.js:776
[   98623ms] [LOG] [Fast Refresh] done in 41ms @ http://localhost:3000/_next/static/chunks/node_modules_next_dist_1e8vcs8._.js:776
[   98673ms] [LOG] [Fast Refresh] done in 41ms @ http://localhost:3000/_next/static/chunks/node_modules_next_dist_1e8vcs8._.js:776
[   98739ms] [LOG] [Fast Refresh] done in 41ms @ http://localhost:3000/_next/static/chunks/node_modules_next_dist_1e8vcs8._.js:776
[   98798ms] [LOG] [Fast Refresh] done in 41ms @ http://localhost:3000/_next/static/chunks/node_modules_next_dist_1e8vcs8._.js:776
[   98884ms] [LOG] [Fast Refresh] done in 41ms @ http://localhost:3000/_next/static/chunks/node_modules_next_dist_1e8vcs8._.js:776
[   98978ms] [LOG] [Fast Refresh] done in 41ms @ http://localhost:3000/_next/static/chunks/node_modules_next_dist_1e8vcs8._.js:776
[   99038ms] [LOG] [Fast Refresh] done in 41ms @ http://localhost:3000/_next/static/chunks/node_modules_next_dist_1e8vcs8._.js:776
[   99106ms] [LOG] [Fast Refresh] done in 41ms @ http://localhost:3000/_next/static/chunks/node_modules_next_dist_1e8vcs8._.js:776
[   99164ms] [LOG] [Fast Refresh] done in 41ms @ http://localhost:3000/_next/static/chunks/node_modules_next_dist_1e8vcs8._.js:776
[   99236ms] [LOG] [Fast Refresh] done in 41ms @ http://localhost:3000/_next/static/chunks/node_modules_next_dist_1e8vcs8._.js:776
[   99289ms] [LOG] [Fast Refresh] done in 41ms @ http://localhost:3000/_next/static/chunks/node_modules_next_dist_1e8vcs8._.js:776
[   99358ms] [LOG] [Fast Refresh] done in 41ms @ http://localhost:3000/_next/static/chunks/node_modules_next_dist_1e8vcs8._.js:776
[   99414ms] [LOG] [Fast Refresh] done in 41ms @ http://localhost:3000/_next/static/chunks/node_modules_next_dist_1e8vcs8._.js:776
[   99472ms] [LOG] [Fast Refresh] done in 41ms @ http://localhost:3000/_next/static/chunks/node_modules_next_dist_1e8vcs8._.js:776
[   99524ms] [LOG] [Fast Refresh] done in 41ms @ http://localhost:3000/_next/static/chunks/node_modules_next_dist_1e8vcs8._.js:776
[   99581ms] [LOG] [Fast Refresh] done in 41ms @ http://localhost:3000/_next/static/chunks/node_modules_next_dist_1e8vcs8._.js:776
[   99627ms] [LOG] [Fast Refresh] done in 41ms @ http://localhost:3000/_next/static/chunks/node_modules_next_dist_1e8vcs8._.js:776
[   99681ms] [LOG] [Fast Refresh] done in 41ms @ http://localhost:3000/_next/static/chunks/node_modules_next_dist_1e8vcs8._.js:776
[   99748ms] [LOG] [Fast Refresh] done in 41ms @ http://localhost:3000/_next/static/chunks/node_modules_next_dist_1e8vcs8._.js:776
[   99806ms] [LOG] [Fast Refresh] done in 41ms @ http://localhost:3000/_next/static/chunks/node_modules_next_dist_1e8vcs8._.js:776
[   99864ms] [LOG] [Fast Refresh] done in 41ms @ http://localhost:3000/_next/static/chunks/node_modules_next_dist_1e8vcs8._.js:776
[   99922ms] [LOG] [Fast Refresh] done in 41ms @ http://localhost:3000/_next/static/chunks/node_modules_next_dist_1e8vcs8._.js:776
[   99973ms] [LOG] [Fast Refresh] done in 41ms @ http://localhost:3000/_next/static/chunks/node_modules_next_dist_1e8vcs8._.js:776
[  100039ms] [LOG] [Fast Refresh] done in 41ms @ http://localhost:3000/_next/static/chunks/node_modules_next_dist_1e8vcs8._.js:776
[  100104ms] [LOG] [Fast Refresh] done in 41ms @ http://localhost:3000/_next/static/chunks/node_modules_next_dist_1e8vcs8._.js:776
[  100155ms] [LOG] [Fast Refresh] done in 41ms @ http://localhost:3000/_next/static/chunks/node_modules_next_dist_1e8vcs8._.js:776
[  100215ms] [LOG] [Fast Refresh] done in 41ms @ http://localhost:3000/_next/static/chunks/node_modules_next_dist_1e8vcs8._.js:776
[  100286ms] [LOG] [Fast Refresh] done in 41ms @ http://localhost:3000/_next/static/chunks/node_modules_next_dist_1e8vcs8._.js:776
[  100350ms] [LOG] [Fast Refresh] done in 41ms @ http://localhost:3000/_next/static/chunks/node_modules_next_dist_1e8vcs8._.js:776
[  100406ms] [LOG] [Fast Refresh] done in 41ms @ http://localhost:3000/_next/static/chunks/node_modules_next_dist_1e8vcs8._.js:776
[  100472ms] [LOG] [Fast Refresh] done in 41ms @ http://localhost:3000/_next/static/chunks/node_modules_next_dist_1e8vcs8._.js:776
[  100533ms] [LOG] [Fast Refresh] done in 41ms @ http://localhost:3000/_next/static/chunks/node_modules_next_dist_1e8vcs8._.js:776
[  100591ms] [LOG] [Fast Refresh] done in 41ms @ http://localhost:3000/_next/static/chunks/node_modules_next_dist_1e8vcs8._.js:776
[  100651ms] [LOG] [Fast Refresh] done in 41ms @ http://localhost:3000/_next/static/chunks/node_modules_next_dist_1e8vcs8._.js:776
[  100714ms] [LOG] [Fast Refresh] done in 41ms @ http://localhost:3000/_next/static/chunks/node_modules_next_dist_1e8vcs8._.js:776
[  100773ms] [LOG] [Fast Refresh] done in 41ms @ http://localhost:3000/_next/static/chunks/node_modules_next_dist_1e8vcs8._.js:776
[  100835ms] [LOG] [Fast Refresh] done in 41ms @ http://localhost:3000/_next/static/chunks/node_modules_next_dist_1e8vcs8._.js:776
[  100907ms] [LOG] [Fast Refresh] done in 41ms @ http://localhost:3000/_next/static/chunks/node_modules_next_dist_1e8vcs8._.js:776
[  100963ms] [LOG] [Fast Refresh] done in 41ms @ http://localhost:3000/_next/static/chunks/node_modules_next_dist_1e8vcs8._.js:776
[  101033ms] [LOG] [Fast Refresh] done in 41ms @ http://localhost:3000/_next/static/chunks/node_modules_next_dist_1e8vcs8._.js:776
[  101089ms] [LOG] [Fast Refresh] done in 41ms @ http://localhost:3000/_next/static/chunks/node_modules_next_dist_1e8vcs8._.js:776
[  101165ms] [LOG] [Fast Refresh] done in 41ms @ http://localhost:3000/_next/static/chunks/node_modules_next_dist_1e8vcs8._.js:776
[  101225ms] [LOG] [Fast Refresh] done in 41ms @ http://localhost:3000/_next/static/chunks/node_modules_next_dist_1e8vcs8._.js:776
[  101287ms] [LOG] [Fast Refresh] done in 41ms @ http://localhost:3000/_next/static/chunks/node_modules_next_dist_1e8vcs8._.js:776
[  101339ms] [LOG] [Fast Refresh] done in 41ms @ http://localhost:3000/_next/static/chunks/node_modules_next_dist_1e8vcs8._.js:776
[  101405ms] [LOG] [Fast Refresh] done in 41ms @ http://localhost:3000/_next/static/chunks/node_modules_next_dist_1e8vcs8._.js:776
[  101468ms] [LOG] [Fast Refresh] done in 41ms @ http://localhost:3000/_next/static/chunks/node_modules_next_dist_1e8vcs8._.js:776
[  101522ms] [LOG] [Fast Refresh] done in 41ms @ http://localhost:3000/_next/static/chunks/node_modules_next_dist_1e8vcs8._.js:776
[  101585ms] [LOG] [Fast Refresh] done in 41ms @ http://localhost:3000/_next/static/chunks/node_modules_next_dist_1e8vcs8._.js:776
[  101638ms] [LOG] [Fast Refresh] done in 41ms @ http://localhost:3000/_next/static/chunks/node_modules_next_dist_1e8vcs8._.js:776
[  101680ms] [LOG] [Fast Refresh] done in 41ms @ http://localhost:3000/_next/static/chunks/node_modules_next_dist_1e8vcs8._.js:776
[  101736ms] [LOG] [Fast Refresh] done in 41ms @ http://localhost:3000/_next/static/chunks/node_modules_next_dist_1e8vcs8._.js:776
[  101800ms] [LOG] [Fast Refresh] done in 41ms @ http://localhost:3000/_next/static/chunks/node_modules_next_dist_1e8vcs8._.js:776
[  101856ms] [LOG] [Fast Refresh] done in 41ms @ http://localhost:3000/_next/static/chunks/node_modules_next_dist_1e8vcs8._.js:776
[  101922ms] [LOG] [Fast Refresh] done in 41ms @ http://localhost:3000/_next/static/chunks/node_modules_next_dist_1e8vcs8._.js:776
[  101980ms] [LOG] [Fast Refresh] done in 41ms @ http://localhost:3000/_next/static/chunks/node_modules_next_dist_1e8vcs8._.js:776
[  102031ms] [LOG] [Fast Refresh] done in 41ms @ http://localhost:3000/_next/static/chunks/node_modules_next_dist_1e8vcs8._.js:776
[  102089ms] [LOG] [Fast Refresh] done in 41ms @ http://localhost:3000/_next/static/chunks/node_modules_next_dist_1e8vcs8._.js:776
[  102153ms] [LOG] [Fast Refresh] done in 41ms @ http://localhost:3000/_next/static/chunks/node_modules_next_dist_1e8vcs8._.js:776
[  102220ms] [LOG] [Fast Refresh] done in 41ms @ http://localhost:3000/_next/static/chunks/node_modules_next_dist_1e8vcs8._.js:776
[  102283ms] [LOG] [Fast Refresh] done in 41ms @ http://localhost:3000/_next/static/chunks/node_modules_next_dist_1e8vcs8._.js:776
[  102340ms] [LOG] [Fast Refresh] done in 41ms @ http://localhost:3000/_next/static/chunks/node_modules_next_dist_1e8vcs8._.js:776
[  102404ms] [LOG] [Fast Refresh] done in 41ms @ http://localhost:3000/_next/static/chunks/node_modules_next_dist_1e8vcs8._.js:776
[  102465ms] [LOG] [Fast Refresh] done in 41ms @ http://localhost:3000/_next/static/chunks/node_modules_next_dist_1e8vcs8._.js:776
[  102550ms] [LOG] [Fast Refresh] done in 41ms @ http://localhost:3000/_next/static/chunks/node_modules_next_dist_1e8vcs8._.js:776
[  102628ms] [LOG] [Fast Refresh] done in 41ms @ http://localhost:3000/_next/static/chunks/node_modules_next_dist_1e8vcs8._.js:776
[  102679ms] [LOG] [Fast Refresh] done in 41ms @ http://localhost:3000/_next/static/chunks/node_modules_next_dist_1e8vcs8._.js:776
[  102743ms] [LOG] [Fast Refresh] done in 41ms @ http://localhost:3000/_next/static/chunks/node_modules_next_dist_1e8vcs8._.js:776
[  102800ms] [LOG] [Fast Refresh] done in 41ms @ http://localhost:3000/_next/static/chunks/node_modules_next_dist_1e8vcs8._.js:776
[  102866ms] [LOG] [Fast Refresh] done in 41ms @ http://localhost:3000/_next/static/chunks/node_modules_next_dist_1e8vcs8._.js:776
[  102928ms] [LOG] [Fast Refresh] done in 41ms @ http://localhost:3000/_next/static/chunks/node_modules_next_dist_1e8vcs8._.js:776
[  103005ms] [LOG] [Fast Refresh] done in 41ms @ http://localhost:3000/_next/static/chunks/node_modules_next_dist_1e8vcs8._.js:776
[  103072ms] [LOG] [Fast Refresh] done in 41ms @ http://localhost:3000/_next/static/chunks/node_modules_next_dist_1e8vcs8._.js:776
[  103135ms] [LOG] [Fast Refresh] done in 41ms @ http://localhost:3000/_next/static/chunks/node_modules_next_dist_1e8vcs8._.js:776
[  103205ms] [LOG] [Fast Refresh] done in 41ms @ http://localhost:3000/_next/static/chunks/node_modules_next_dist_1e8vcs8._.js:776
[  103268ms] [LOG] [Fast Refresh] done in 41ms @ http://localhost:3000/_next/static/chunks/node_modules_next_dist_1e8vcs8._.js:776
[  103332ms] [LOG] [Fast Refresh] done in 41ms @ http://localhost:3000/_next/static/chunks/node_modules_next_dist_1e8vcs8._.js:776
[  103389ms] [LOG] [Fast Refresh] done in 41ms @ http://localhost:3000/_next/static/chunks/node_modules_next_dist_1e8vcs8._.js:776
[  103475ms] [LOG] [Fast Refresh] done in 41ms @ http://localhost:3000/_next/static/chunks/node_modules_next_dist_1e8vcs8._.js:776
[  103530ms] [LOG] [Fast Refresh] done in 41ms @ http://localhost:3000/_next/static/chunks/node_modules_next_dist_1e8vcs8._.js:776
[  103589ms] [LOG] [Fast Refresh] done in 41ms @ http://localhost:3000/_next/static/chunks/node_modules_next_dist_1e8vcs8._.js:776
[  103655ms] [LOG] [Fast Refresh] done in 41ms @ http://localhost:3000/_next/static/chunks/node_modules_next_dist_1e8vcs8._.js:776
[  103713ms] [LOG] [Fast Refresh] done in 41ms @ http://localhost:3000/_next/static/chunks/node_modules_next_dist_1e8vcs8._.js:776
[  103771ms] [LOG] [Fast Refresh] done in 41ms @ http://localhost:3000/_next/static/chunks/node_modules_next_dist_1e8vcs8._.js:776
[  103834ms] [LOG] [Fast Refresh] done in 41ms @ http://localhost:3000/_next/static/chunks/node_modules_next_dist_1e8vcs8._.js:776
[  103891ms] [LOG] [Fast Refresh] done in 41ms @ http://localhost:3000/_next/static/chunks/node_modules_next_dist_1e8vcs8._.js:776
[  103947ms] [LOG] [Fast Refresh] done in 41ms @ http://localhost:3000/_next/static/chunks/node_modules_next_dist_1e8vcs8._.js:776
[  104005ms] [LOG] [Fast Refresh] done in 41ms @ http://localhost:3000/_next/static/chunks/node_modules_next_dist_1e8vcs8._.js:776
[  104068ms] [LOG] [Fast Refresh] done in 41ms @ http://localhost:3000/_next/static/chunks/node_modules_next_dist_1e8vcs8._.js:776
[  104132ms] [LOG] [Fast Refresh] done in 41ms @ http://localhost:3000/_next/static/chunks/node_modules_next_dist_1e8vcs8._.js:776
[  104198ms] [LOG] [Fast Refresh] done in 41ms @ http://localhost:3000/_next/static/chunks/node_modules_next_dist_1e8vcs8._.js:776
[  104272ms] [LOG] [Fast Refresh] done in 41ms @ http://localhost:3000/_next/static/chunks/node_modules_next_dist_1e8vcs8._.js:776
[  104341ms] [LOG] [Fast Refresh] done in 41ms @ http://localhost:3000/_next/static/chunks/node_modules_next_dist_1e8vcs8._.js:776
[  104405ms] [LOG] [Fast Refresh] done in 41ms @ http://localhost:3000/_next/static/chunks/node_modules_next_dist_1e8vcs8._.js:776
[  104456ms] [LOG] [Fast Refresh] done in 41ms @ http://localhost:3000/_next/static/chunks/node_modules_next_dist_1e8vcs8._.js:776
[  104526ms] [LOG] [Fast Refresh] done in 41ms @ http://localhost:3000/_next/static/chunks/node_modules_next_dist_1e8vcs8._.js:776
[  104603ms] [LOG] [Fast Refresh] done in 41ms @ http://localhost:3000/_next/static/chunks/node_modules_next_dist_1e8vcs8._.js:776
[  104654ms] [LOG] [Fast Refresh] done in 41ms @ http://localhost:3000/_next/static/chunks/node_modules_next_dist_1e8vcs8._.js:776
[  104720ms] [LOG] [Fast Refresh] done in 41ms @ http://localhost:3000/_next/static/chunks/node_modules_next_dist_1e8vcs8._.js:776
[  104788ms] [LOG] [Fast Refresh] done in 41ms @ http://localhost:3000/_next/static/chunks/node_modules_next_dist_1e8vcs8._.js:776
[  104860ms] [LOG] [Fast Refresh] done in 41ms @ http://localhost:3000/_next/static/chunks/node_modules_next_dist_1e8vcs8._.js:776
[  104922ms] [LOG] [Fast Refresh] done in 41ms @ http://localhost:3000/_next/static/chunks/node_modules_next_dist_1e8vcs8._.js:776
[  104980ms] [LOG] [Fast Refresh] done in 41ms @ http://localhost:3000/_next/static/chunks/node_modules_next_dist_1e8vcs8._.js:776
[  105045ms] [LOG] [Fast Refresh] done in 41ms @ http://localhost:3000/_next/static/chunks/node_modules_next_dist_1e8vcs8._.js:776
[  105104ms] [LOG] [Fast Refresh] done in 41ms @ http://localhost:3000/_next/static/chunks/node_modules_next_dist_1e8vcs8._.js:776
[  105160ms] [LOG] [Fast Refresh] done in 41ms @ http://localhost:3000/_next/static/chunks/node_modules_next_dist_1e8vcs8._.js:776
[  105209ms] [LOG] [Fast Refresh] done in 41ms @ http://localhost:3000/_next/static/chunks/node_modules_next_dist_1e8vcs8._.js:776
[  105272ms] [LOG] [Fast Refresh] done in 41ms @ http://localhost:3000/_next/static/chunks/node_modules_next_dist_1e8vcs8._.js:776
[  105335ms] [LOG] [Fast Refresh] done in 41ms @ http://localhost:3000/_next/static/chunks/node_modules_next_dist_1e8vcs8._.js:776
[  105399ms] [LOG] [Fast Refresh] done in 41ms @ http://localhost:3000/_next/static/chunks/node_modules_next_dist_1e8vcs8._.js:776
[  105456ms] [LOG] [Fast Refresh] done in 41ms @ http://localhost:3000/_next/static/chunks/node_modules_next_dist_1e8vcs8._.js:776
[  105519ms] [LOG] [Fast Refresh] done in 41ms @ http://localhost:3000/_next/static/chunks/node_modules_next_dist_1e8vcs8._.js:776
[  105583ms] [LOG] [Fast Refresh] done in 41ms @ http://localhost:3000/_next/static/chunks/node_modules_next_dist_1e8vcs8._.js:776
[  105639ms] [LOG] [Fast Refresh] done in 41ms @ http://localhost:3000/_next/static/chunks/node_modules_next_dist_1e8vcs8._.js:776
[  105696ms] [LOG] [Fast Refresh] done in 41ms @ http://localhost:3000/_next/static/chunks/node_modules_next_dist_1e8vcs8._.js:776
[  105754ms] [LOG] [Fast Refresh] done in 41ms @ http://localhost:3000/_next/static/chunks/node_modules_next_dist_1e8vcs8._.js:776
[  105816ms] [LOG] [Fast Refresh] done in 41ms @ http://localhost:3000/_next/static/chunks/node_modules_next_dist_1e8vcs8._.js:776
[  105876ms] [LOG] [Fast Refresh] done in 41ms @ http://localhost:3000/_next/static/chunks/node_modules_next_dist_1e8vcs8._.js:776
[  105930ms] [LOG] [Fast Refresh] done in 41ms @ http://localhost:3000/_next/static/chunks/node_modules_next_dist_1e8vcs8._.js:776
[  106006ms] [LOG] [Fast Refresh] done in 41ms @ http://localhost:3000/_next/static/chunks/node_modules_next_dist_1e8vcs8._.js:776
[  106081ms] [LOG] [Fast Refresh] done in 41ms @ http://localhost:3000/_next/static/chunks/node_modules_next_dist_1e8vcs8._.js:776
[  106138ms] [LOG] [Fast Refresh] done in 41ms @ http://localhost:3000/_next/static/chunks/node_modules_next_dist_1e8vcs8._.js:776
[  106204ms] [LOG] [Fast Refresh] done in 41ms @ http://localhost:3000/_next/static/chunks/node_modules_next_dist_1e8vcs8._.js:776
[  106254ms] [LOG] [Fast Refresh] done in 41ms @ http://localhost:3000/_next/static/chunks/node_modules_next_dist_1e8vcs8._.js:776
[  106322ms] [LOG] [Fast Refresh] done in 41ms @ http://localhost:3000/_next/static/chunks/node_modules_next_dist_1e8vcs8._.js:776
[  106383ms] [LOG] [Fast Refresh] done in 41ms @ http://localhost:3000/_next/static/chunks/node_modules_next_dist_1e8vcs8._.js:776
[  106440ms] [LOG] [Fast Refresh] done in 41ms @ http://localhost:3000/_next/static/chunks/node_modules_next_dist_1e8vcs8._.js:776
[  106498ms] [LOG] [Fast Refresh] done in 41ms @ http://localhost:3000/_next/static/chunks/node_modules_next_dist_1e8vcs8._.js:776
[  106572ms] [LOG] [Fast Refresh] done in 41ms @ http://localhost:3000/_next/static/chunks/node_modules_next_dist_1e8vcs8._.js:776
[  106637ms] [LOG] [Fast Refresh] done in 41ms @ http://localhost:3000/_next/static/chunks/node_modules_next_dist_1e8vcs8._.js:776
[  106688ms] [LOG] [Fast Refresh] done in 41ms @ http://localhost:3000/_next/static/chunks/node_modules_next_dist_1e8vcs8._.js:776
[  106746ms] [LOG] [Fast Refresh] done in 41ms @ http://localhost:3000/_next/static/chunks/node_modules_next_dist_1e8vcs8._.js:776
[  106804ms] [LOG] [Fast Refresh] done in 41ms @ http://localhost:3000/_next/static/chunks/node_modules_next_dist_1e8vcs8._.js:776
[  106870ms] [LOG] [Fast Refresh] done in 41ms @ http://localhost:3000/_next/static/chunks/node_modules_next_dist_1e8vcs8._.js:776
[  106929ms] [LOG] [Fast Refresh] done in 41ms @ http://localhost:3000/_next/static/chunks/node_modules_next_dist_1e8vcs8._.js:776
[  106988ms] [LOG] [Fast Refresh] done in 41ms @ http://localhost:3000/_next/static/chunks/node_modules_next_dist_1e8vcs8._.js:776
[  107053ms] [LOG] [Fast Refresh] done in 41ms @ http://localhost:3000/_next/static/chunks/node_modules_next_dist_1e8vcs8._.js:776
[  107117ms] [LOG] [Fast Refresh] done in 41ms @ http://localhost:3000/_next/static/chunks/node_modules_next_dist_1e8vcs8._.js:776
[  107183ms] [LOG] [Fast Refresh] done in 41ms @ http://localhost:3000/_next/static/chunks/node_modules_next_dist_1e8vcs8._.js:776
[  107248ms] [LOG] [Fast Refresh] done in 41ms @ http://localhost:3000/_next/static/chunks/node_modules_next_dist_1e8vcs8._.js:776
[  107304ms] [LOG] [Fast Refresh] done in 41ms @ http://localhost:3000/_next/static/chunks/node_modules_next_dist_1e8vcs8._.js:776
[  107367ms] [LOG] [Fast Refresh] done in 41ms @ http://localhost:3000/_next/static/chunks/node_modules_next_dist_1e8vcs8._.js:776
[  107431ms] [LOG] [Fast Refresh] done in 41ms @ http://localhost:3000/_next/static/chunks/node_modules_next_dist_1e8vcs8._.js:776
[  107488ms] [LOG] [Fast Refresh] done in 41ms @ http://localhost:3000/_next/static/chunks/node_modules_next_dist_1e8vcs8._.js:776
[  107538ms] [LOG] [Fast Refresh] done in 41ms @ http://localhost:3000/_next/static/chunks/node_modules_next_dist_1e8vcs8._.js:776
[  107601ms] [LOG] [Fast Refresh] done in 41ms @ http://localhost:3000/_next/static/chunks/node_modules_next_dist_1e8vcs8._.js:776
[  107665ms] [LOG] [Fast Refresh] done in 41ms @ http://localhost:3000/_next/static/chunks/node_modules_next_dist_1e8vcs8._.js:776
[  107740ms] [LOG] [Fast Refresh] done in 41ms @ http://localhost:3000/_next/static/chunks/node_modules_next_dist_1e8vcs8._.js:776
[  107822ms] [LOG] [Fast Refresh] done in 41ms @ http://localhost:3000/_next/static/chunks/node_modules_next_dist_1e8vcs8._.js:776
[  107901ms] [LOG] [Fast Refresh] done in 41ms @ http://localhost:3000/_next/static/chunks/node_modules_next_dist_1e8vcs8._.js:776
[  107955ms] [LOG] [Fast Refresh] done in 41ms @ http://localhost:3000/_next/static/chunks/node_modules_next_dist_1e8vcs8._.js:776
[  108022ms] [LOG] [Fast Refresh] done in 41ms @ http://localhost:3000/_next/static/chunks/node_modules_next_dist_1e8vcs8._.js:776
[  108073ms] [LOG] [Fast Refresh] done in 41ms @ http://localhost:3000/_next/static/chunks/node_modules_next_dist_1e8vcs8._.js:776
[  108125ms] [LOG] [Fast Refresh] done in 41ms @ http://localhost:3000/_next/static/chunks/node_modules_next_dist_1e8vcs8._.js:776
[  108205ms] [LOG] [Fast Refresh] done in 41ms @ http://localhost:3000/_next/static/chunks/node_modules_next_dist_1e8vcs8._.js:776
[  108269ms] [LOG] [Fast Refresh] done in 41ms @ http://localhost:3000/_next/static/chunks/node_modules_next_dist_1e8vcs8._.js:776
[  108330ms] [LOG] [Fast Refresh] done in 41ms @ http://localhost:3000/_next/static/chunks/node_modules_next_dist_1e8vcs8._.js:776
[  108389ms] [LOG] [Fast Refresh] done in 41ms @ http://localhost:3000/_next/static/chunks/node_modules_next_dist_1e8vcs8._.js:776
[  108459ms] [LOG] [Fast Refresh] done in 41ms @ http://localhost:3000/_next/static/chunks/node_modules_next_dist_1e8vcs8._.js:776
[  108518ms] [LOG] [Fast Refresh] done in 41ms @ http://localhost:3000/_next/static/chunks/node_modules_next_dist_1e8vcs8._.js:776
[  108582ms] [LOG] [Fast Refresh] done in 41ms @ http://localhost:3000/_next/static/chunks/node_modules_next_dist_1e8vcs8._.js:776
[  108638ms] [LOG] [Fast Refresh] done in 41ms @ http://localhost:3000/_next/static/chunks/node_modules_next_dist_1e8vcs8._.js:776
[  108696ms] [LOG] [Fast Refresh] done in 41ms @ http://localhost:3000/_next/static/chunks/node_modules_next_dist_1e8vcs8._.js:776
[  108769ms] [LOG] [Fast Refresh] done in 41ms @ http://localhost:3000/_next/static/chunks/node_modules_next_dist_1e8vcs8._.js:776
[  108833ms] [LOG] [Fast Refresh] done in 41ms @ http://localhost:3000/_next/static/chunks/node_modules_next_dist_1e8vcs8._.js:776
[  108889ms] [LOG] [Fast Refresh] done in 41ms @ http://localhost:3000/_next/static/chunks/node_modules_next_dist_1e8vcs8._.js:776
[  108946ms] [LOG] [Fast Refresh] done in 41ms @ http://localhost:3000/_next/static/chunks/node_modules_next_dist_1e8vcs8._.js:776
[  109013ms] [LOG] [Fast Refresh] done in 41ms @ http://localhost:3000/_next/static/chunks/node_modules_next_dist_1e8vcs8._.js:776
[  109077ms] [LOG] [Fast Refresh] done in 41ms @ http://localhost:3000/_next/static/chunks/node_modules_next_dist_1e8vcs8._.js:776
[  109138ms] [LOG] [Fast Refresh] done in 41ms @ http://localhost:3000/_next/static/chunks/node_modules_next_dist_1e8vcs8._.js:776
[  109188ms] [LOG] [Fast Refresh] done in 41ms @ http://localhost:3000/_next/static/chunks/node_modules_next_dist_1e8vcs8._.js:776
[  109246ms] [LOG] [Fast Refresh] done in 41ms @ http://localhost:3000/_next/static/chunks/node_modules_next_dist_1e8vcs8._.js:776
[  109317ms] [LOG] [Fast Refresh] done in 41ms @ http://localhost:3000/_next/static/chunks/node_modules_next_dist_1e8vcs8._.js:776
[  109381ms] [LOG] [Fast Refresh] done in 41ms @ http://localhost:3000/_next/static/chunks/node_modules_next_dist_1e8vcs8._.js:776
[  109437ms] [LOG] [Fast Refresh] done in 41ms @ http://localhost:3000/_next/static/chunks/node_modules_next_dist_1e8vcs8._.js:776
[  109496ms] [LOG] [Fast Refresh] done in 41ms @ http://localhost:3000/_next/static/chunks/node_modules_next_dist_1e8vcs8._.js:776
[  109580ms] [LOG] [Fast Refresh] done in 41ms @ http://localhost:3000/_next/static/chunks/node_modules_next_dist_1e8vcs8._.js:776
[  109660ms] [LOG] [Fast Refresh] done in 41ms @ http://localhost:3000/_next/static/chunks/node_modules_next_dist_1e8vcs8._.js:776
[  109728ms] [LOG] [Fast Refresh] done in 41ms @ http://localhost:3000/_next/static/chunks/node_modules_next_dist_1e8vcs8._.js:776
[  109788ms] [LOG] [Fast Refresh] done in 41ms @ http://localhost:3000/_next/static/chunks/node_modules_next_dist_1e8vcs8._.js:776
[  109841ms] [LOG] [Fast Refresh] done in 41ms @ http://localhost:3000/_next/static/chunks/node_modules_next_dist_1e8vcs8._.js:776
[  109896ms] [LOG] [Fast Refresh] done in 41ms @ http://localhost:3000/_next/static/chunks/node_modules_next_dist_1e8vcs8._.js:776
[  109979ms] [LOG] [Fast Refresh] done in 41ms @ http://localhost:3000/_next/static/chunks/node_modules_next_dist_1e8vcs8._.js:776
[  110040ms] [LOG] [Fast Refresh] done in 41ms @ http://localhost:3000/_next/static/chunks/node_modules_next_dist_1e8vcs8._.js:776
[  110104ms] [LOG] [Fast Refresh] done in 41ms @ http://localhost:3000/_next/static/chunks/node_modules_next_dist_1e8vcs8._.js:776
[  110160ms] [LOG] [Fast Refresh] done in 41ms @ http://localhost:3000/_next/static/chunks/node_modules_next_dist_1e8vcs8._.js:776
[  110216ms] [LOG] [Fast Refresh] done in 41ms @ http://localhost:3000/_next/static/chunks/node_modules_next_dist_1e8vcs8._.js:776
[  110271ms] [LOG] [Fast Refresh] done in 41ms @ http://localhost:3000/_next/static/chunks/node_modules_next_dist_1e8vcs8._.js:776
[  110336ms] [LOG] [Fast Refresh] done in 41ms @ http://localhost:3000/_next/static/chunks/node_modules_next_dist_1e8vcs8._.js:776
[  110398ms] [LOG] [Fast Refresh] done in 41ms @ http://localhost:3000/_next/static/chunks/node_modules_next_dist_1e8vcs8._.js:776
[  110455ms] [LOG] [Fast Refresh] done in 41ms @ http://localhost:3000/_next/static/chunks/node_modules_next_dist_1e8vcs8._.js:776
[  110517ms] [LOG] [Fast Refresh] done in 41ms @ http://localhost:3000/_next/static/chunks/node_modules_next_dist_1e8vcs8._.js:776
[  110581ms] [LOG] [Fast Refresh] done in 41ms @ http://localhost:3000/_next/static/chunks/node_modules_next_dist_1e8vcs8._.js:776
[  110637ms] [LOG] [Fast Refresh] done in 41ms @ http://localhost:3000/_next/static/chunks/node_modules_next_dist_1e8vcs8._.js:776
[  110693ms] [LOG] [Fast Refresh] done in 41ms @ http://localhost:3000/_next/static/chunks/node_modules_next_dist_1e8vcs8._.js:776
[  110750ms] [LOG] [Fast Refresh] done in 41ms @ http://localhost:3000/_next/static/chunks/node_modules_next_dist_1e8vcs8._.js:776
[  110815ms] [LOG] [Fast Refresh] done in 41ms @ http://localhost:3000/_next/static/chunks/node_modules_next_dist_1e8vcs8._.js:776
[  110870ms] [LOG] [Fast Refresh] done in 41ms @ http://localhost:3000/_next/static/chunks/node_modules_next_dist_1e8vcs8._.js:776
[  110934ms] [LOG] [Fast Refresh] done in 41ms @ http://localhost:3000/_next/static/chunks/node_modules_next_dist_1e8vcs8._.js:776
[  111004ms] [LOG] [Fast Refresh] done in 41ms @ http://localhost:3000/_next/static/chunks/node_modules_next_dist_1e8vcs8._.js:776
[  111071ms] [LOG] [Fast Refresh] done in 41ms @ http://localhost:3000/_next/static/chunks/node_modules_next_dist_1e8vcs8._.js:776
[  111128ms] [LOG] [Fast Refresh] done in 41ms @ http://localhost:3000/_next/static/chunks/node_modules_next_dist_1e8vcs8._.js:776
[  111188ms] [LOG] [Fast Refresh] done in 41ms @ http://localhost:3000/_next/static/chunks/node_modules_next_dist_1e8vcs8._.js:776
[  111245ms] [LOG] [Fast Refresh] done in 41ms @ http://localhost:3000/_next/static/chunks/node_modules_next_dist_1e8vcs8._.js:776
[  111302ms] [LOG] [Fast Refresh] done in 41ms @ http://localhost:3000/_next/static/chunks/node_modules_next_dist_1e8vcs8._.js:776
[  111371ms] [LOG] [Fast Refresh] done in 41ms @ http://localhost:3000/_next/static/chunks/node_modules_next_dist_1e8vcs8._.js:776
[  111433ms] [LOG] [Fast Refresh] done in 41ms @ http://localhost:3000/_next/static/chunks/node_modules_next_dist_1e8vcs8._.js:776
[  111497ms] [LOG] [Fast Refresh] done in 41ms @ http://localhost:3000/_next/static/chunks/node_modules_next_dist_1e8vcs8._.js:776
[  111555ms] [LOG] [Fast Refresh] done in 41ms @ http://localhost:3000/_next/static/chunks/node_modules_next_dist_1e8vcs8._.js:776
[  111622ms] [LOG] [Fast Refresh] done in 41ms @ http://localhost:3000/_next/static/chunks/node_modules_next_dist_1e8vcs8._.js:776
[  111688ms] [LOG] [Fast Refresh] done in 41ms @ http://localhost:3000/_next/static/chunks/node_modules_next_dist_1e8vcs8._.js:776
[  111757ms] [LOG] [Fast Refresh] done in 41ms @ http://localhost:3000/_next/static/chunks/node_modules_next_dist_1e8vcs8._.js:776
[  111816ms] [LOG] [Fast Refresh] done in 41ms @ http://localhost:3000/_next/static/chunks/node_modules_next_dist_1e8vcs8._.js:776
[  111874ms] [LOG] [Fast Refresh] done in 41ms @ http://localhost:3000/_next/static/chunks/node_modules_next_dist_1e8vcs8._.js:776
[  111930ms] [LOG] [Fast Refresh] done in 41ms @ http://localhost:3000/_next/static/chunks/node_modules_next_dist_1e8vcs8._.js:776
[  112005ms] [LOG] [Fast Refresh] done in 41ms @ http://localhost:3000/_next/static/chunks/node_modules_next_dist_1e8vcs8._.js:776
[  112056ms] [LOG] [Fast Refresh] done in 41ms @ http://localhost:3000/_next/static/chunks/node_modules_next_dist_1e8vcs8._.js:776
[  112121ms] [LOG] [Fast Refresh] done in 41ms @ http://localhost:3000/_next/static/chunks/node_modules_next_dist_1e8vcs8._.js:776
[  112176ms] [LOG] [Fast Refresh] done in 41ms @ http://localhost:3000/_next/static/chunks/node_modules_next_dist_1e8vcs8._.js:776
[  112237ms] [LOG] [Fast Refresh] done in 41ms @ http://localhost:3000/_next/static/chunks/node_modules_next_dist_1e8vcs8._.js:776
[  112295ms] [LOG] [Fast Refresh] done in 41ms @ http://localhost:3000/_next/static/chunks/node_modules_next_dist_1e8vcs8._.js:776
[  112363ms] [LOG] [Fast Refresh] done in 41ms @ http://localhost:3000/_next/static/chunks/node_modules_next_dist_1e8vcs8._.js:776
[  112417ms] [LOG] [Fast Refresh] done in 41ms @ http://localhost:3000/_next/static/chunks/node_modules_next_dist_1e8vcs8._.js:776
[  112471ms] [LOG] [Fast Refresh] done in 41ms @ http://localhost:3000/_next/static/chunks/node_modules_next_dist_1e8vcs8._.js:776
[  112528ms] [LOG] [Fast Refresh] done in 41ms @ http://localhost:3000/_next/static/chunks/node_modules_next_dist_1e8vcs8._.js:776
[  112587ms] [LOG] [Fast Refresh] done in 41ms @ http://localhost:3000/_next/static/chunks/node_modules_next_dist_1e8vcs8._.js:776
[  112645ms] [LOG] [Fast Refresh] done in 41ms @ http://localhost:3000/_next/static/chunks/node_modules_next_dist_1e8vcs8._.js:776
[  112704ms] [LOG] [Fast Refresh] done in 41ms @ http://localhost:3000/_next/static/chunks/node_modules_next_dist_1e8vcs8._.js:776
[  112766ms] [LOG] [Fast Refresh] done in 41ms @ http://localhost:3000/_next/static/chunks/node_modules_next_dist_1e8vcs8._.js:776
[  112822ms] [LOG] [Fast Refresh] done in 41ms @ http://localhost:3000/_next/static/chunks/node_modules_next_dist_1e8vcs8._.js:776
[  112883ms] [LOG] [Fast Refresh] done in 41ms @ http://localhost:3000/_next/static/chunks/node_modules_next_dist_1e8vcs8._.js:776
[  112947ms] [LOG] [Fast Refresh] done in 41ms @ http://localhost:3000/_next/static/chunks/node_modules_next_dist_1e8vcs8._.js:776
[  113020ms] [LOG] [Fast Refresh] done in 41ms @ http://localhost:3000/_next/static/chunks/node_modules_next_dist_1e8vcs8._.js:776
[  113081ms] [LOG] [Fast Refresh] done in 41ms @ http://localhost:3000/_next/static/chunks/node_modules_next_dist_1e8vcs8._.js:776
[  113158ms] [LOG] [Fast Refresh] done in 41ms @ http://localhost:3000/_next/static/chunks/node_modules_next_dist_1e8vcs8._.js:776
[  113230ms] [LOG] [Fast Refresh] done in 41ms @ http://localhost:3000/_next/static/chunks/node_modules_next_dist_1e8vcs8._.js:776
[  113303ms] [LOG] [Fast Refresh] done in 41ms @ http://localhost:3000/_next/static/chunks/node_modules_next_dist_1e8vcs8._.js:776
[  113362ms] [LOG] [Fast Refresh] done in 41ms @ http://localhost:3000/_next/static/chunks/node_modules_next_dist_1e8vcs8._.js:776
[  113428ms] [LOG] [Fast Refresh] done in 41ms @ http://localhost:3000/_next/static/chunks/node_modules_next_dist_1e8vcs8._.js:776
[  113494ms] [LOG] [Fast Refresh] done in 41ms @ http://localhost:3000/_next/static/chunks/node_modules_next_dist_1e8vcs8._.js:776
[  113554ms] [LOG] [Fast Refresh] done in 41ms @ http://localhost:3000/_next/static/chunks/node_modules_next_dist_1e8vcs8._.js:776
[  113611ms] [LOG] [Fast Refresh] done in 41ms @ http://localhost:3000/_next/static/chunks/node_modules_next_dist_1e8vcs8._.js:776
[  113663ms] [LOG] [Fast Refresh] done in 41ms @ http://localhost:3000/_next/static/chunks/node_modules_next_dist_1e8vcs8._.js:776
[  113717ms] [LOG] [Fast Refresh] done in 41ms @ http://localhost:3000/_next/static/chunks/node_modules_next_dist_1e8vcs8._.js:776
[  113771ms] [LOG] [Fast Refresh] done in 41ms @ http://localhost:3000/_next/static/chunks/node_modules_next_dist_1e8vcs8._.js:776
[  113882ms] [LOG] [Fast Refresh] done in 41ms @ http://localhost:3000/_next/static/chunks/node_modules_next_dist_1e8vcs8._.js:776
[  113954ms] [LOG] [Fast Refresh] done in 41ms @ http://localhost:3000/_next/static/chunks/node_modules_next_dist_1e8vcs8._.js:776
[  114021ms] [LOG] [Fast Refresh] done in 41ms @ http://localhost:3000/_next/static/chunks/node_modules_next_dist_1e8vcs8._.js:776
[  114073ms] [LOG] [Fast Refresh] done in 41ms @ http://localhost:3000/_next/static/chunks/node_modules_next_dist_1e8vcs8._.js:776
[  114138ms] [LOG] [Fast Refresh] done in 41ms @ http://localhost:3000/_next/static/chunks/node_modules_next_dist_1e8vcs8._.js:776
[  114205ms] [LOG] [Fast Refresh] done in 41ms @ http://localhost:3000/_next/static/chunks/node_modules_next_dist_1e8vcs8._.js:776
[  114271ms] [LOG] [Fast Refresh] done in 41ms @ http://localhost:3000/_next/static/chunks/node_modules_next_dist_1e8vcs8._.js:776
[  114329ms] [LOG] [Fast Refresh] done in 41ms @ http://localhost:3000/_next/static/chunks/node_modules_next_dist_1e8vcs8._.js:776
[  114385ms] [LOG] [Fast Refresh] done in 41ms @ http://localhost:3000/_next/static/chunks/node_modules_next_dist_1e8vcs8._.js:776
[  114455ms] [LOG] [Fast Refresh] done in 41ms @ http://localhost:3000/_next/static/chunks/node_modules_next_dist_1e8vcs8._.js:776
[  114530ms] [LOG] [Fast Refresh] done in 41ms @ http://localhost:3000/_next/static/chunks/node_modules_next_dist_1e8vcs8._.js:776
[  114589ms] [LOG] [Fast Refresh] done in 41ms @ http://localhost:3000/_next/static/chunks/node_modules_next_dist_1e8vcs8._.js:776
[  114637ms] [LOG] [Fast Refresh] done in 41ms @ http://localhost:3000/_next/static/chunks/node_modules_next_dist_1e8vcs8._.js:776
[  114687ms] [LOG] [Fast Refresh] done in 41ms @ http://localhost:3000/_next/static/chunks/node_modules_next_dist_1e8vcs8._.js:776
[  114737ms] [LOG] [Fast Refresh] done in 41ms @ http://localhost:3000/_next/static/chunks/node_modules_next_dist_1e8vcs8._.js:776
[  114789ms] [LOG] [Fast Refresh] done in 41ms @ http://localhost:3000/_next/static/chunks/node_modules_next_dist_1e8vcs8._.js:776
[  114852ms] [LOG] [Fast Refresh] done in 41ms @ http://localhost:3000/_next/static/chunks/node_modules_next_dist_1e8vcs8._.js:776
[  114913ms] [LOG] [Fast Refresh] done in 41ms @ http://localhost:3000/_next/static/chunks/node_modules_next_dist_1e8vcs8._.js:776
[  115160ms] [LOG] [Fast Refresh] done in 41ms @ http://localhost:3000/_next/static/chunks/node_modules_next_dist_1e8vcs8._.js:776
[  115236ms] [LOG] [Fast Refresh] done in 41ms @ http://localhost:3000/_next/static/chunks/node_modules_next_dist_1e8vcs8._.js:776
[  115294ms] [LOG] [Fast Refresh] done in 41ms @ http://localhost:3000/_next/static/chunks/node_modules_next_dist_1e8vcs8._.js:776
[  115374ms] [LOG] [Fast Refresh] done in 41ms @ http://localhost:3000/_next/static/chunks/node_modules_next_dist_1e8vcs8._.js:776
[  115457ms] [LOG] [Fast Refresh] done in 41ms @ http://localhost:3000/_next/static/chunks/node_modules_next_dist_1e8vcs8._.js:776
[  115523ms] [LOG] [Fast Refresh] done in 41ms @ http://localhost:3000/_next/static/chunks/node_modules_next_dist_1e8vcs8._.js:776
[  115587ms] [LOG] [Fast Refresh] done in 41ms @ http://localhost:3000/_next/static/chunks/node_modules_next_dist_1e8vcs8._.js:776
[  115651ms] [LOG] [Fast Refresh] done in 41ms @ http://localhost:3000/_next/static/chunks/node_modules_next_dist_1e8vcs8._.js:776
[  115711ms] [LOG] [Fast Refresh] done in 41ms @ http://localhost:3000/_next/static/chunks/node_modules_next_dist_1e8vcs8._.js:776
[  115778ms] [LOG] [Fast Refresh] done in 41ms @ http://localhost:3000/_next/static/chunks/node_modules_next_dist_1e8vcs8._.js:776
[  115851ms] [LOG] [Fast Refresh] done in 41ms @ http://localhost:3000/_next/static/chunks/node_modules_next_dist_1e8vcs8._.js:776
[  115923ms] [LOG] [Fast Refresh] done in 41ms @ http://localhost:3000/_next/static/chunks/node_modules_next_dist_1e8vcs8._.js:776
[  115979ms] [LOG] [Fast Refresh] done in 41ms @ http://localhost:3000/_next/static/chunks/node_modules_next_dist_1e8vcs8._.js:776
[  116050ms] [LOG] [Fast Refresh] done in 41ms @ http://localhost:3000/_next/static/chunks/node_modules_next_dist_1e8vcs8._.js:776
[  116114ms] [LOG] [Fast Refresh] done in 41ms @ http://localhost:3000/_next/static/chunks/node_modules_next_dist_1e8vcs8._.js:776
[  116169ms] [LOG] [Fast Refresh] done in 41ms @ http://localhost:3000/_next/static/chunks/node_modules_next_dist_1e8vcs8._.js:776
[  116227ms] [LOG] [Fast Refresh] done in 41ms @ http://localhost:3000/_next/static/chunks/node_modules_next_dist_1e8vcs8._.js:776
[  116304ms] [LOG] [Fast Refresh] done in 41ms @ http://localhost:3000/_next/static/chunks/node_modules_next_dist_1e8vcs8._.js:776
[  116363ms] [LOG] [Fast Refresh] done in 41ms @ http://localhost:3000/_next/static/chunks/node_modules_next_dist_1e8vcs8._.js:776
[  116421ms] [LOG] [Fast Refresh] done in 41ms @ http://localhost:3000/_next/static/chunks/node_modules_next_dist_1e8vcs8._.js:776
[  116475ms] [LOG] [Fast Refresh] done in 41ms @ http://localhost:3000/_next/static/chunks/node_modules_next_dist_1e8vcs8._.js:776
[  116540ms] [LOG] [Fast Refresh] done in 41ms @ http://localhost:3000/_next/static/chunks/node_modules_next_dist_1e8vcs8._.js:776
[  116606ms] [LOG] [Fast Refresh] done in 41ms @ http://localhost:3000/_next/static/chunks/node_modules_next_dist_1e8vcs8._.js:776
[  116664ms] [LOG] [Fast Refresh] done in 41ms @ http://localhost:3000/_next/static/chunks/node_modules_next_dist_1e8vcs8._.js:776
[  116734ms] [LOG] [Fast Refresh] done in 41ms @ http://localhost:3000/_next/static/chunks/node_modules_next_dist_1e8vcs8._.js:776
[  116788ms] [LOG] [Fast Refresh] done in 41ms @ http://localhost:3000/_next/static/chunks/node_modules_next_dist_1e8vcs8._.js:776
[  116845ms] [LOG] [Fast Refresh] done in 41ms @ http://localhost:3000/_next/static/chunks/node_modules_next_dist_1e8vcs8._.js:776
[  116905ms] [LOG] [Fast Refresh] done in 41ms @ http://localhost:3000/_next/static/chunks/node_modules_next_dist_1e8vcs8._.js:776
[  116959ms] [LOG] [Fast Refresh] done in 41ms @ http://localhost:3000/_next/static/chunks/node_modules_next_dist_1e8vcs8._.js:776
[  117021ms] [LOG] [Fast Refresh] done in 41ms @ http://localhost:3000/_next/static/chunks/node_modules_next_dist_1e8vcs8._.js:776
[  117091ms] [LOG] [Fast Refresh] done in 41ms @ http://localhost:3000/_next/static/chunks/node_modules_next_dist_1e8vcs8._.js:776
[  127677ms] [LOG] [Fast Refresh] rebuilding @ http://localhost:3000/_next/static/chunks/node_modules_next_dist_1e8vcs8._.js:776
[  128025ms] [LOG] [Fast Refresh] done in 451ms @ http://localhost:3000/_next/static/chunks/node_modules_next_dist_1e8vcs8._.js:776
[  130323ms] [ERROR] Failed to load resource: the server responded with a status of 500 (Internal Server Error) @ http://localhost:3000/api/dashboard/stats?month=2026-09:0
[  137417ms] [ERROR] Failed to load resource: the server responded with a status of 500 (Internal Server Error) @ http://localhost:3000/api/dashboard/stats?month=2026-09:0
